<?xml version='1.0' encoding='utf-8'?>
<benchmark>
  <entries>
    <entry category="CelestialBody" eid="Id1" shape="(X (X))" shape_type="NA" size="1">
      <originaltripleset>
        <otriple>(19255)_1994_VK8 | density | "2.0"^^&lt;http://dbpedia.org/datatype/gramPerCubicCentimetre&gt;</otriple>
      </originaltripleset>
      <originaltripleset>
        <otriple>(19255)_1994_VK8 | Planet/density | "2000.0"^^&lt;http://dbpedia.org/datatype/kilogramPerCubicMetre&gt;</otriple>
      </originaltripleset>
      <modifiedtripleset>
        <mtriple>(19255)_1994_VK8 | density | 2.0 (gramPerCubicCentimetres)</mtriple>
      </modifiedtripleset>
      <lex comment="good" lid="Id1">(19255) 1994 VK8 has a density of 2.0 grams per cubic centimetre.</lex>
      <lex comment="good" lid="Id2">The celestial body known as (19255) 1994 VK8 has a density of 2 grams per cubic centimetres.</lex>
    </entry>
    <entry category="CelestialBody" eid="Id2" shape="(X (X))" shape_type="NA" size="1">
      <originaltripleset>
        <otriple>(410777)_2009_FD | absMagnitude | "22.1"^^xsd:double</otriple>
      </originaltripleset>
      <modifiedtripleset>
        <mtriple>(410777)_2009_FD | absoluteMagnitude | 22.1</mtriple>
      </modifiedtripleset>
      <lex comment="good" lid="Id1">(410777) 2009 FD has an absolute magnitude of 22.1.</lex>
      <lex comment="good" lid="Id2">The absolute magnitude of (410777) 2009 FD is 22.1.</lex>
    </entry>
    <entry category="CelestialBody" eid="Id3" shape="(X (X))" shape_type="NA" size="1">
      <originaltripleset>
        <otriple>(66063)_1998_RO1 | Planet/apoapsis | "2.5498957060815E8"^^&lt;http://dbpedia.org/datatype/kilometre&gt;</otriple>
      </originaltripleset>
      <modifiedtripleset>
        <mtriple>(66063)_1998_RO1 | apoapsis | 254989570.60815 (kilometres)</mtriple>
      </modifiedtripleset>
      <lex comment="good" lid="Id1">(66063) 1998 RO1 has an apoapsis of 254989570.60815 kilometres.</lex>
      <lex comment="good" lid="Id2">The apoapsis for (66063) 1998 RO1 is 254989570.60815 kilometres.</lex>
    </entry>
    <entry category="CelestialBody" eid="Id6" shape="(X (X))" shape_type="NA" size="1">
      <originaltripleset>
        <otriple>1001_Gaussia | Planet/maximumTemperature | "165.0"^^&lt;http://dbpedia.org/datatype/kelvin&gt;</otriple>
      </originaltripleset>
      <modifiedtripleset>
        <mtriple>1001_Gaussia | maximumTemperature | 165.0 (kelvins)</mtriple>
      </modifiedtripleset>
      <lex comment="good" lid="Id1">The maximum temperature of 1001 Gaussia is 165 kelvins.</lex>
      <lex comment="good" lid="Id2">The celestial body known as 1001 Gaussia has a maximum temperature of 165 kelvins.</lex>
    </entry>
    <entry category="CelestialBody" eid="Id7" shape="(X (X))" shape_type="NA" size="1">
      <originaltripleset>
        <otriple>101_Helena | Planet/apoapsis | "4.41092E8"^^&lt;http://dbpedia.org/datatype/kilometre&gt;</otriple>
      </originaltripleset>
      <originaltripleset>
        <otriple>101_Helena | apoapsis | 4.41092e+11</otriple>
      </originaltripleset>
      <modifiedtripleset>
        <mtriple>101_Helena | apoapsis | 441092000.0 (kilometres)</mtriple>
      </modifiedtripleset>
      <lex comment="good" lid="Id1">101 Helena has an apoapsis of 441092000.0 (kilometres).</lex>
      <lex comment="good" lid="Id2">101 Helena has an apoapsis of 441092000.0 kilometres.</lex>
      <lex comment="good" lid="Id3">The apoapsis of 101 Helena is 441092000.0 kilometres.</lex>
    </entry>
    <entry category="CelestialBody" eid="Id8" shape="(X (X))" shape_type="NA" size="1">
      <originaltripleset>
        <otriple>101_Helena | epoch | "2006-12-31"^^xsd:date</otriple>
      </originaltripleset>
      <modifiedtripleset>
        <mtriple>101_Helena | epoch | 2006-12-31</mtriple>
      </modifiedtripleset>
      <lex comment="good" lid="Id1">The epoch of 101 Helena is 2006-12-31.</lex>
      <lex comment="good" lid="Id2">101 Helena has an epoch of 2006-12-31.</lex>
    </entry>
    <entry category="CelestialBody" eid="Id9" shape="(X (X))" shape_type="NA" size="1">
      <originaltripleset>
        <otriple>103_Hera | absoluteMagnitude | "7.66"^^xsd:double</otriple>
      </originaltripleset>
      <modifiedtripleset>
        <mtriple>103_Hera | absoluteMagnitude | 7.66</mtriple>
      </modifiedtripleset>
      <lex comment="good" lid="Id1">103 Hera has an absolute magnitude of 7.66.</lex>
      <lex comment="good" lid="Id2">The celestial body known as 103 Hera has an absolute magnitude of 7.66.</lex>
      <lex comment="good" lid="Id3">The absolute magnitude of 103 Hera is 7.66.</lex>
    </entry>
    <entry category="CelestialBody" eid="Id10" shape="(X (X))" shape_type="NA" size="1">
      <originaltripleset>
        <otriple>103_Hera | Planet/mass | "7.9"^^&lt;http://dbpedia.org/datatype/kilogram&gt;</otriple>
      </originaltripleset>
      <originaltripleset>
        <otriple>103_Hera | mass | "7900.0"^^xsd:double</otriple>
      </originaltripleset>
      <modifiedtripleset>
        <mtriple>103_Hera | mass | 7.9 (kilograms)</mtriple>
      </modifiedtripleset>
      <lex comment="good" lid="Id1">103 Hera's mass is 7.9kg.</lex>
      <lex comment="good" lid="Id2">103 Hera has a mass of 7.9 kilograms.</lex>
    </entry>
    <entry category="CelestialBody" eid="Id13" shape="(X (X))" shape_type="NA" size="1">
      <originaltripleset>
        <otriple>1089_Tama | formerName | "A894 VA; A904 VD;"@en</otriple>
      </originaltripleset>
      <modifiedtripleset>
        <mtriple>1089_Tama | formerName | "A894 VA; A904 VD;"</mtriple>
      </modifiedtripleset>
      <lex comment="good" lid="Id1">1089 Tama had the former name of "A894 VA; A904 VD;".</lex>
      <lex comment="good" lid="Id2">1089 Tama was formerly called "A894 VA; A904 VD;".</lex>
      <lex comment="good" lid="Id3">The former name of 1089 Tama is "A894 VA; A904 VD;".</lex>
    </entry>
    <entry category="CelestialBody" eid="Id14" shape="(X (X))" shape_type="NA" size="1">
      <originaltripleset>
        <otriple>1089_Tama | orbitalPeriod | 1.03926e+08</otriple>
      </originaltripleset>
      <originaltripleset>
        <otriple>1089_Tama | Planet/orbitalPeriod | "1202.846"^^&lt;http://dbpedia.org/datatype/day&gt;</otriple>
      </originaltripleset>
      <modifiedtripleset>
        <mtriple>1089_Tama | orbitalPeriod | 1202.846 (days)</mtriple>
      </modifiedtripleset>
      <lex comment="good" lid="Id1">1089 Tama has an orbital period of 1202.846 days.</lex>
    </entry>
    <entry category="CelestialBody" eid="Id15" shape="(X (X))" shape_type="NA" size="1">
      <originaltripleset>
        <otriple>1097_Vicia | averageSpeed | "64512.0"^^xsd:double</otriple>
      </originaltripleset>
      <originaltripleset>
        <otriple>1097_Vicia | Planet/averageSpeed | "17.92"^^&lt;http://dbpedia.org/datatype/kilometrePerSecond&gt;</otriple>
      </originaltripleset>
      <originaltripleset>
        <otriple>1097_Vicia | avgSpeed | "17.92"^^&lt;http://dbpedia.org/datatype/kilometrePerSecond&gt;</otriple>
      </originaltripleset>
      <modifiedtripleset>
        <mtriple>1097_Vicia | averageSpeed | 17.92 (kilometrePerSeconds)</mtriple>
      </modifiedtripleset>
      <lex comment="good" lid="Id1">1097 Vicia has an average speed of 17.92 kilometres per second.</lex>
      <lex comment="good" lid="Id2">The celestial body known as 1097 Vicia has an average speed of 17.92 k.p.s.</lex>
    </entry>
    <entry category="CelestialBody" eid="Id16" shape="(X (X))" shape_type="NA" size="1">
      <originaltripleset>
        <otriple>1097_Vicia | epoch | "December 31, 2006 (JD2454100.5)"</otriple>
      </originaltripleset>
      <modifiedtripleset>
        <mtriple>1097_Vicia | epoch | 2006-12-31</mtriple>
      </modifiedtripleset>
      <lex comment="good" lid="Id1">The epoch of 1097 Vicia is on 31 December 2016.</lex>
      <lex comment="good" lid="Id2">The epoch date of 1097 Vicia is 2006.12.31.</lex>
    </entry>
    <entry category="CelestialBody" eid="Id17" shape="(X (X))" shape_type="NA" size="1">
      <originaltripleset>
        <otriple>109_Felicitas | discoverer | Christian_Heinrich_Friedrich_Peters</otriple>
      </originaltripleset>
      <modifiedtripleset>
        <mtriple>109_Felicitas | discoverer | Christian_Heinrich_Friedrich_Peters</mtriple>
      </modifiedtripleset>
      <lex comment="good" lid="Id1">Christian Heinrich Friedrich Peters was the discoverer of 109 Felicitas.</lex>
      <lex comment="good" lid="Id2">109 Felicitas was discovered by Christian Heinrich Friedrich Peters.</lex>
      <lex comment="good" lid="Id3">Christian Heinrich Friedrich Peters discovered 109 Felicitas.</lex>
    </entry>
    <entry category="CelestialBody" eid="Id19" shape="(X (X))" shape_type="NA" size="1">
      <originaltripleset>
        <otriple>11264_Claudiomaccone | temperature | "173.0"^^xsd:double</otriple>
      </originaltripleset>
      <originaltripleset>
        <otriple>11264_Claudiomaccone | Planet/temperature | "173.0"^^&lt;http://dbpedia.org/datatype/kelvin&gt;</otriple>
      </originaltripleset>
      <originaltripleset>
        <otriple>11264_Claudiomaccone | singleTemperature | "~173 K"@en</otriple>
      </originaltripleset>
      <modifiedtripleset>
        <mtriple>11264_Claudiomaccone | temperature | 173.0 (kelvins)</mtriple>
      </modifiedtripleset>
      <lex comment="good" lid="Id1">11264 Claudiomaccone has a temperature of 173.0 (kelvins).</lex>
      <lex comment="good" lid="Id2">11264 Claudiomaccone has a temperature of 173.0 kelvins.</lex>
    </entry>
    <entry category="CelestialBody" eid="Id1" shape="(X (X))" shape_type="NA" size="1">
      <originaltripleset>
        <otriple>(15788)_1993_SB | Planet/apoapsis | "7.7151E9"^^&lt;http://dbpedia.org/datatype/kilometre&gt;</otriple>
      </originaltripleset>
      <modifiedtripleset>
        <mtriple>(15788)_1993_SB | apoapsis | 7715100000.0 (kilometres)</mtriple>
      </modifiedtripleset>
      <lex comment="good" lid="Id1">The apoapsis for (15788) 1993 SB is 7715100000.0 (kilometres).</lex>
      <lex comment="good" lid="Id2">15788 1993 SB has an apoapsis of 7715100000 kilometres.</lex>
    </entry>
    <entry category="CelestialBody" eid="Id2" shape="(X (X))" shape_type="NA" size="1">
      <originaltripleset>
        <otriple>(15788)_1993_SB | discoverer | "La Palma"@en</otriple>
      </originaltripleset>
      <modifiedtripleset>
        <mtriple>(15788)_1993_SB | discoverer | Alan_Fitzsimmons</mtriple>
      </modifiedtripleset>
      <lex comment="good" lid="Id1">Alan Fitzsimmons was the discoverer of 15788 1993 SB.</lex>
      <lex comment="good" lid="Id2">(15788) 1993 SB was discovered by Alan Fitzsimmons.</lex>
      <lex comment="good" lid="Id3">15788 1993 SB was discovered by Alan Fitzsimmons.</lex>
    </entry>
    <entry category="CelestialBody" eid="Id3" shape="(X (X))" shape_type="NA" size="1">
      <originaltripleset>
        <otriple>(15788)_1993_SB | discoverer | Donal_O'Ceallaigh</otriple>
      </originaltripleset>
      <modifiedtripleset>
        <mtriple>(15788)_1993_SB | discoverer | Donal_O'Ceallaigh</mtriple>
      </modifiedtripleset>
      <lex comment="good" lid="Id1">The discoverer of (15788) 1993 SB is Donal O'Ceallaigh.</lex>
      <lex comment="good" lid="Id2">Donal O'Ceallaigh discovered (15788) 1993 SB.</lex>
      <lex comment="good" lid="Id3">Donal O'Ceallaigh discovered 15788 1993 SB.</lex>
    </entry>
    <entry category="CelestialBody" eid="Id4" shape="(X (X))" shape_type="NA" size="1">
      <originaltripleset>
        <otriple>(15788)_1993_SB | discoverer | Iwan_P._Williams</otriple>
      </originaltripleset>
      <modifiedtripleset>
        <mtriple>(15788)_1993_SB | discoverer | Iwan_P._Williams</mtriple>
      </modifiedtripleset>
      <lex comment="good" lid="Id1">Iwan P Williams discovered 15788 1993 SB.</lex>
      <lex comment="good" lid="Id2">(15788) 1993 SB was discovered by Iwan P Williams.</lex>
    </entry>
    <entry category="CelestialBody" eid="Id5" shape="(X (X))" shape_type="NA" size="1">
      <originaltripleset>
        <otriple>(15788)_1993_SB | discoverer | Roque_de_los_Muchachos_Observatory</otriple>
      </originaltripleset>
      <modifiedtripleset>
        <mtriple>(15788)_1993_SB | discoverer | Roque_de_los_Muchachos_Observatory</mtriple>
      </modifiedtripleset>
      <lex comment="good" lid="Id1">15788 1993 SB was discovered by Roque de los Muchachos Observatory.</lex>
      <lex comment="good" lid="Id2">(15788) 1993 SB was discovered by Roque de los Muchachos Observatory.</lex>
    </entry>
    <entry category="CelestialBody" eid="Id6" shape="(X (X))" shape_type="NA" size="1">
      <originaltripleset>
        <otriple>(15788)_1993_SB | epoch | "2006-03-06"^^xsd:date</otriple>
      </originaltripleset>
      <modifiedtripleset>
        <mtriple>(15788)_1993_SB | epoch | 2006-03-06</mtriple>
      </modifiedtripleset>
      <lex comment="good" lid="Id1">(15788) 1993 SB has an epoch date of March 6th 2006.</lex>
      <lex comment="good" lid="Id2">(15788) 1993 SB's epoch is 6th March 2006.</lex>
    </entry>
    <entry category="CelestialBody" eid="Id7" shape="(X (X))" shape_type="NA" size="1">
      <originaltripleset>
        <otriple>(15788)_1993_SB | orbitalPeriod | 7.72943e+09</otriple>
      </originaltripleset>
      <modifiedtripleset>
        <mtriple>(15788)_1993_SB | orbitalPeriod | 7729430000.0</mtriple>
      </modifiedtripleset>
      <lex comment="good" lid="Id1">(15788) 1993 SB has an orbital period of 7729430000.0.</lex>
      <lex comment="good" lid="Id2">(15788) 1993 SB has an orbital periodd of 7729430000.0.</lex>
      <lex comment="good" lid="Id3">15788 1993 SB has an orbital period of 7729430000.</lex>
    </entry>
    <entry category="CelestialBody" eid="Id8" shape="(X (X))" shape_type="NA" size="1">
      <originaltripleset>
        <otriple>(15788)_1993_SB | periapsis | 3.9971e+12</otriple>
      </originaltripleset>
      <modifiedtripleset>
        <mtriple>(15788)_1993_SB | periapsis | 3997100000000.0</mtriple>
      </modifiedtripleset>
      <lex comment="good" lid="Id1">The periapsis of (15788) 1993 SB is 3997100000000.0.</lex>
      <lex comment="good" lid="Id2">(15788) 1993 SB has a periapsis of 3997100000000.0.</lex>
      <lex comment="good" lid="Id3">The celestial body known as (15788) 1993 SB has a periapsis of 3997100000000.</lex>
    </entry>
    <entry category="CelestialBody" eid="Id9" shape="(X (X))" shape_type="NA" size="1">
      <originaltripleset>
        <otriple>(19255)_1994_VK8 | Planet/apoapsis | "6.603633E9"^^&lt;http://dbpedia.org/datatype/kilometre&gt;</otriple>
      </originaltripleset>
      <modifiedtripleset>
        <mtriple>(19255)_1994_VK8 | apoapsis | 6603633000.0 (kilometres)</mtriple>
      </modifiedtripleset>
      <lex comment="good" lid="Id1">(19255) 1994 VK8 has an apoapsis of 6603633000.0 kilometres.</lex>
      <lex comment="good" lid="Id2">The apoapsis of (19255) 1994 VK8 is 6603633000.0 km.</lex>
    </entry>
    <entry category="CelestialBody" eid="Id10" shape="(X (X))" shape_type="NA" size="1">
      <originaltripleset>
        <otriple>(19255)_1994_VK8 | Planet/averageSpeed | "4.56"^^&lt;http://dbpedia.org/datatype/kilometrePerSecond&gt;</otriple>
      </originaltripleset>
      <originaltripleset>
        <otriple>(19255)_1994_VK8 | averageSpeed | "16416.0"^^xsd:double</otriple>
      </originaltripleset>
      <modifiedtripleset>
        <mtriple>(19255)_1994_VK8 | averageSpeed | 4.56 (kilometrePerSeconds)</mtriple>
      </modifiedtripleset>
      <lex comment="good" lid="Id1">The average speed of (19255) 1994 VK8 is 4.56 km per sec.</lex>
      <lex comment="good" lid="Id2">The average speed of (19255) 1994 VK8 is 4.56 km/s.</lex>
    </entry>
    <entry category="CelestialBody" eid="Id16" shape="(X (X))" shape_type="NA" size="1">
      <originaltripleset>
        <otriple>(19255)_1994_VK8 | temperature | "43.0"^^xsd:double</otriple>
      </originaltripleset>
      <originaltripleset>
        <otriple>(19255)_1994_VK8 | Planet/temperature | "43.0"^^&lt;http://dbpedia.org/datatype/kelvin&gt;</otriple>
      </originaltripleset>
      <modifiedtripleset>
        <mtriple>(19255)_1994_VK8 | temperature | 43.0 (kelvins)</mtriple>
      </modifiedtripleset>
      <lex comment="good" lid="Id1">(19255) 1994 VK8 has a temperature of 43.0 kelvins.</lex>
      <lex comment="good" lid="Id2">The temperature of 19255 1994 VK8 is 43 kelvins.</lex>
    </entry>
    <entry category="CelestialBody" eid="Id17" shape="(X (X))" shape_type="NA" size="1">
      <originaltripleset>
        <otriple>(29075)_1950_DA | density | "&gt;3.5 g/cm³"@en</otriple>
      </originaltripleset>
      <modifiedtripleset>
        <mtriple>(29075)_1950_DA | density | 3.5 (kilograms)</mtriple>
      </modifiedtripleset>
      <lex comment="good" lid="Id1">(29075) 1950 DA has a density of 3.5 kilograms.</lex>
      <lex comment="good" lid="Id2">(29075) 1950 DA has a density of 3.5 kgs.</lex>
      <lex comment="good" lid="Id3">The density of 29075 1950 DA is 3.5 kilograms.</lex>
    </entry>
    <entry category="CelestialBody" eid="Id18" shape="(X (X))" shape_type="NA" size="1">
      <originaltripleset>
        <otriple>(29075)_1950_DA | epoch | "2011-Aug-27 (JD2455800.5)"</otriple>
      </originaltripleset>
      <modifiedtripleset>
        <mtriple>(29075)_1950_DA | epoch | 2011-Aug-27</mtriple>
      </modifiedtripleset>
      <lex comment="good" lid="Id1">(29075) 1950 DA has an epoch date of August 27th 2011.</lex>
      <lex comment="good" lid="Id2">29075 1950 DA has the epoch date of 27 August 2011.</lex>
      <lex comment="good" lid="Id3">The epoch for (29075) 1950 DA is on the 27th of August 2011.</lex>
    </entry>
    <entry category="CelestialBody" eid="Id19" shape="(X (X))" shape_type="NA" size="1">
      <originaltripleset>
        <otriple>(29075)_1950_DA | mass | "&gt;4 kg"@en</otriple>
      </originaltripleset>
      <modifiedtripleset>
        <mtriple>(29075)_1950_DA | mass | 4.0 (kilograms)</mtriple>
      </modifiedtripleset>
      <lex comment="good" lid="Id1">(29075) 1950 DA has a mass of 4.0 kilograms.</lex>
      <lex comment="good" lid="Id2">29075 1950 DA has a mass of 4.0 kgs.</lex>
    </entry>
    <entry category="CelestialBody" eid="Id20" shape="(X (X))" shape_type="NA" size="1">
      <originaltripleset>
        <otriple>(29075)_1950_DA | orbitalPeriod | 6.98622e+07</otriple>
      </originaltripleset>
      <modifiedtripleset>
        <mtriple>(29075)_1950_DA | orbitalPeriod | 69862200.0</mtriple>
      </modifiedtripleset>
      <lex comment="good" lid="Id1">(29075) 1950 DA has an orbital period of 69862200.0.</lex>
      <lex comment="good" lid="Id2">The orbital period of (29075) 1950 DA is 69862200.0.</lex>
      <lex comment="good" lid="Id3">The celestial body known as (29075) 1950 DA has an orbital period of 69862200.</lex>
    </entry>
    <entry category="CelestialBody" eid="Id21" shape="(X (X))" shape_type="NA" size="1">
      <originaltripleset>
        <otriple>(29075)_1950_DA | periapsis | 1.24958e+11</otriple>
      </originaltripleset>
      <modifiedtripleset>
        <mtriple>(29075)_1950_DA | periapsis | 124950000000.0</mtriple>
      </modifiedtripleset>
      <lex comment="good" lid="Id1">(29075) 1950 DA has a periapsis of 124950000000.0.</lex>
      <lex comment="good" lid="Id2">The periapsis for (29075) 1950 DA is 124950000000.0.</lex>
    </entry>
    <entry category="CelestialBody" eid="Id22" shape="(X (X))" shape_type="NA" size="1">
      <originaltripleset>
        <otriple>(29075)_1950_DA | rotationPeriod | "7637.76"^^xsd:double</otriple>
      </originaltripleset>
      <modifiedtripleset>
        <mtriple>(29075)_1950_DA | rotationPeriod | 7637.76</mtriple>
      </modifiedtripleset>
      <lex comment="good" lid="Id1">(29075) 1950 DA has a rotation period of 7637.76.</lex>
      <lex comment="good" lid="Id2">The rotation period for 29075 1950 DA is 7637.76.</lex>
    </entry>
    <entry category="CelestialBody" eid="Id23" shape="(X (X))" shape_type="NA" size="1">
      <originaltripleset>
        <otriple>(410777)_2009_FD | Planet/density | "1890.0"^^&lt;http://dbpedia.org/datatype/kilogramPerCubicMetre&gt;</otriple>
      </originaltripleset>
      <modifiedtripleset>
        <mtriple>(410777)_2009_FD | density | 1890.0 (kilogramPerCubicMetres)</mtriple>
      </modifiedtripleset>
      <lex comment="good" lid="Id1">(410777) 2009 FD has a density of 1890.0 kilograms per cubic metres.</lex>
      <lex comment="good" lid="Id2">The density of 410777 2009 FD is 1890.0 kg/cubic metres.</lex>
      <lex comment="good" lid="Id3">The density of (410777) 2009 FD, is 1890.0 kilogram Per Cubic Metres.</lex>
    </entry>
    <entry category="CelestialBody" eid="Id24" shape="(X (X))" shape_type="NA" size="1">
      <originaltripleset>
        <otriple>(410777)_2009_FD | discoverer | "Spacewatch"@en</otriple>
      </originaltripleset>
      <modifiedtripleset>
        <mtriple>(410777)_2009_FD | discoverer | Spacewatch</mtriple>
      </modifiedtripleset>
      <lex comment="good" lid="Id1">410777 2009 FD was discovered by Spacewatch.</lex>
      <lex comment="good" lid="Id2">(410777) 2009 FD was discovered by Spacewatch.</lex>
      <lex comment="good" lid="Id3">The discoverer of 410777 2009 FD is Spacewatch.</lex>
    </entry>
    <entry category="CelestialBody" eid="Id25" shape="(X (X))" shape_type="NA" size="1">
      <originaltripleset>
        <otriple>(410777)_2009_FD | epoch | "2015-06-27"^^xsd:date</otriple>
      </originaltripleset>
      <modifiedtripleset>
        <mtriple>(410777)_2009_FD | epoch | 2015-06-27</mtriple>
      </modifiedtripleset>
      <lex comment="good" lid="Id1">The epoch date of 410777 2009 FD is 27 June 2015.</lex>
      <lex comment="good" lid="Id2">(410777) 2009 FD has an epoch date of June 27th 2015.</lex>
    </entry>
    <entry category="CelestialBody" eid="Id26" shape="(X (X))" shape_type="NA" size="1">
      <originaltripleset>
        <otriple>(410777)_2009_FD | mass | "8300.0"^^xsd:double</otriple>
      </originaltripleset>
      <modifiedtripleset>
        <mtriple>(410777)_2009_FD | mass | 8.3 (kilograms)</mtriple>
      </modifiedtripleset>
      <lex comment="good" lid="Id1">410777 2009 FD has a mass of 8.3 kgs.</lex>
      <lex comment="good" lid="Id2">(410777) 2009 FD has a mass of 8.3 kilograms.</lex>
      <lex comment="good" lid="Id3">The celestial body known as (410777) 2009 FD has a mass of 8.3kgs.</lex>
    </entry>
    <entry category="CelestialBody" eid="Id27" shape="(X (X))" shape_type="NA" size="1">
      <originaltripleset>
        <otriple>(410777)_2009_FD | Planet/maximumTemperature | "362.0"^^&lt;http://dbpedia.org/datatype/kelvin&gt;</otriple>
      </originaltripleset>
      <modifiedtripleset>
        <mtriple>(410777)_2009_FD | maximumTemperature | 362.0 (kelvins)</mtriple>
      </modifiedtripleset>
      <lex comment="good" lid="Id1">The maximum temperature of 410777 2009 FD is 362.0 kelvins.</lex>
      <lex comment="good" lid="Id2">(410777) 2009 FD has a maximum temperature of 362.0 kelvins.</lex>
      <lex comment="good" lid="Id3">The celestial body known as (410777) 2009 FD has a maximum temperature of 362 kelvins.</lex>
    </entry>
    <entry category="CelestialBody" eid="Id28" shape="(X (X))" shape_type="NA" size="1">
      <originaltripleset>
        <otriple>(410777)_2009_FD | Planet/meanTemperature | "258.0"^^&lt;http://dbpedia.org/datatype/kelvin&gt;</otriple>
      </originaltripleset>
      <modifiedtripleset>
        <mtriple>(410777)_2009_FD | meanTemperature | 258.0 (kelvins)</mtriple>
      </modifiedtripleset>
      <lex comment="good" lid="Id1">(410777) 2009 FD has a mean temperature of 258.0 kelvins.</lex>
      <lex comment="good" lid="Id2">The mean temperature of (410777) 2009 FD is 258.0 kelvins.</lex>
      <lex comment="good" lid="Id3">(410777) 2009 FD has a mean temperature of 258 Kelvins.</lex>
    </entry>
    <entry category="CelestialBody" eid="Id29" shape="(X (X))" shape_type="NA" size="1">
      <originaltripleset>
        <otriple>(410777)_2009_FD | minTemp | "211.0"^^&lt;http://dbpedia.org/datatype/kelvin&gt;</otriple>
      </originaltripleset>
      <originaltripleset>
        <otriple>(410777)_2009_FD | Planet/minimumTemperature | "211.0"^^&lt;http://dbpedia.org/datatype/kelvin&gt;</otriple>
      </originaltripleset>
      <modifiedtripleset>
        <mtriple>(410777)_2009_FD | minimumTemperature | 211.0 (kelvins)</mtriple>
      </modifiedtripleset>
      <lex comment="good" lid="Id1">(410777) 2009 FD has a minimum temperature of 211.0 kelvins.</lex>
      <lex comment="good" lid="Id2">The minimum temperature at (410777) 2009 FD is 211.0 kelvins.</lex>
    </entry>
    <entry category="CelestialBody" eid="Id30" shape="(X (X))" shape_type="NA" size="1">
      <originaltripleset>
        <otriple>(410777)_2009_FD | orbitalPeriod | 3.9447e+07</otriple>
      </originaltripleset>
      <modifiedtripleset>
        <mtriple>(410777)_2009_FD | orbitalPeriod | 39447000.0</mtriple>
      </modifiedtripleset>
      <lex comment="good" lid="Id1">410777 2009 FD has an orbital period of 39447000.0.</lex>
      <lex comment="good" lid="Id2">(410777) 2009 FD has an orbital period of 39447000.0.</lex>
      <lex comment="good" lid="Id3">The celestial body known as (410777) 2009 FD has an orbital period of 39447000.</lex>
    </entry>
    <entry category="CelestialBody" eid="Id31" shape="(X (X))" shape_type="NA" size="1">
      <originaltripleset>
        <otriple>(410777)_2009_FD | periapsis | 8.82343e+10</otriple>
      </originaltripleset>
      <modifiedtripleset>
        <mtriple>(410777)_2009_FD | periapsis | 88234300000.0</mtriple>
      </modifiedtripleset>
      <lex comment="good" lid="Id1">(410777) 2009 FD has a periapsis of 88234300000.0.</lex>
      <lex comment="good" lid="Id2">The periapsis of (410777) 2009 FD is 88234300000.0.</lex>
    </entry>
    <entry category="CelestialBody" eid="Id32" shape="(X (X))" shape_type="NA" size="1">
      <originaltripleset>
        <otriple>(66063)_1998_RO1 | discoverer | Lincoln_Near-Earth_Asteroid_Research</otriple>
      </originaltripleset>
      <modifiedtripleset>
        <mtriple>(66063)_1998_RO1 | discoverer | Lincoln_Near-Earth_Asteroid_Research</mtriple>
      </modifiedtripleset>
      <lex comment="good" lid="Id1">(66063) 1998 RO1 was discovered by Lincoln Near-Earth Asteroid Research.</lex>
      <lex comment="good" lid="Id2">The discoverer of (66063) 1998 RO1 is Lincoln Near-Earth Asteroid Research.</lex>
      <lex comment="good" lid="Id3">The Lincoln Near-Earth Asteroid Research centre discovers the asteroid (66063) 1998 RO1.</lex>
    </entry>
    <entry category="CelestialBody" eid="Id33" shape="(X (X))" shape_type="NA" size="1">
      <originaltripleset>
        <otriple>(66063)_1998_RO1 | escapeVelocity | "359.64"^^xsd:double</otriple>
      </originaltripleset>
      <modifiedtripleset>
        <mtriple>(66063)_1998_RO1 | escapeVelocity | 0.0999 (kilometrePerSeconds)</mtriple>
      </modifiedtripleset>
      <lex comment="good" lid="Id1">(66063) 1998 RO1 has an escape velocity of 0.0999 kilometres per second.</lex>
      <lex comment="good" lid="Id2">The escape velocity of (66063) 1998 RO1 is 0.0999 km/sec.</lex>
      <lex comment="good" lid="Id3">(66063) 1998 RO1 has an escape velocity of 0.0999 km/s.</lex>
    </entry>
    <entry category="CelestialBody" eid="Id34" shape="(X (X))" shape_type="NA" size="1">
      <originaltripleset>
        <otriple>(66063)_1998_RO1 | formerName | "1999 SN5"@en</otriple>
      </originaltripleset>
      <modifiedtripleset>
        <mtriple>(66063)_1998_RO1 | formerName | "1999 SN5"</mtriple>
      </modifiedtripleset>
      <lex comment="good" lid="Id1">The former name of the asteroid (66063) 1998 RO1 was 1999 SN5.</lex>
      <lex comment="good" lid="Id2">"1999 SN5" was the former name of (66063) 1998 RO1.</lex>
      <lex comment="good" lid="Id3">The celestial body known as (66063) 1998 RO1 was formerly called 1999 SN5.</lex>
    </entry>
    <entry category="CelestialBody" eid="Id35" shape="(X (X))" shape_type="NA" size="1">
      <originaltripleset>
        <otriple>(66063)_1998_RO1 | Planet/maximumTemperature | "500.0"^^&lt;http://dbpedia.org/datatype/kelvin&gt;</otriple>
      </originaltripleset>
      <modifiedtripleset>
        <mtriple>(66063)_1998_RO1 | maximumTemperature | 500.0 (kelvins)</mtriple>
      </modifiedtripleset>
      <lex comment="good" lid="Id1">The celestial body known as (66063) 1998 RO1 has a maximum temperature of 500 kelvins.</lex>
      <lex comment="good" lid="Id2">The maximum temperature of (66063) 1998 RO1, is 500.0 kelvins.</lex>
      <lex comment="good" lid="Id3">The (66063) 1998 RO1 Asteroids maximum temperature is 500.0 (kelvins).</lex>
    </entry>
    <entry category="CelestialBody" eid="Id36" shape="(X (X))" shape_type="NA" size="1">
      <originaltripleset>
        <otriple>(66063)_1998_RO1 | Planet/meanTemperature | "265.0"^^&lt;http://dbpedia.org/datatype/kelvin&gt;</otriple>
      </originaltripleset>
      <modifiedtripleset>
        <mtriple>(66063)_1998_RO1 | meanTemperature | 265.0 (kelvins)</mtriple>
      </modifiedtripleset>
      <lex comment="good" lid="Id1">(66063) 1998 RO1 has a mean temperature of 265 kelvins.</lex>
      <lex comment="good" lid="Id2">The mean temperature of (66063) 1998 RO1 is 265.0 kelvins.</lex>
    </entry>
    <entry category="CelestialBody" eid="Id37" shape="(X (X))" shape_type="NA" size="1">
      <originaltripleset>
        <otriple>(66063)_1998_RO1 | minTemp | "-71.0"^^&lt;http://dbpedia.org/datatype/degreeCelsius&gt;</otriple>
      </originaltripleset>
      <originaltripleset>
        <otriple>(66063)_1998_RO1 | minimumTemperature | "202.0"^^xsd:double</otriple>
      </originaltripleset>
      <originaltripleset>
        <otriple>(66063)_1998_RO1 | Planet/minimumTemperature | "202.15"^^&lt;http://dbpedia.org/datatype/kelvin&gt;</otriple>
      </originaltripleset>
      <originaltripleset>
        <otriple>(66063)_1998_RO1 | minTemp | "202.0"^^&lt;http://dbpedia.org/datatype/kelvin&gt;</otriple>
      </originaltripleset>
      <originaltripleset>
        <otriple>(66063)_1998_RO1 | minimumTemperature | "202.15"^^xsd:double</otriple>
      </originaltripleset>
      <modifiedtripleset>
        <mtriple>(66063)_1998_RO1 | minimumTemperature | -71.0 (degreeCelsius)</mtriple>
      </modifiedtripleset>
      <lex comment="good" lid="Id1">(66063) 1998 RO1 has a minimum temperature of -71.0 degrees Celsius.</lex>
      <lex comment="good" lid="Id2">The minimum temperature of (66063) 1998 RO1 is -71.0 deg celsius.</lex>
      <lex comment="good" lid="Id3">66063 1998 RO1 has a minimum temperature of -71.0 degrees Celsius.</lex>
    </entry>
    <entry category="CelestialBody" eid="Id38" shape="(X (X))" shape_type="NA" size="1">
      <originaltripleset>
        <otriple>(66063)_1998_RO1 | orbitalPeriod | 3.11291e+07</otriple>
      </originaltripleset>
      <originaltripleset>
        <otriple>(66063)_1998_RO1 | Planet/orbitalPeriod | "360.29"^^&lt;http://dbpedia.org/datatype/day&gt;</otriple>
      </originaltripleset>
      <modifiedtripleset>
        <mtriple>(66063)_1998_RO1 | orbitalPeriod | 360.29 (days)</mtriple>
      </modifiedtripleset>
      <lex comment="good" lid="Id1">66063 1998 RO1 has an orbital period of 360.29 days.</lex>
      <lex comment="good" lid="Id2">(66063) 1998 RO1 has an orbital period of 360.29 days.</lex>
    </entry>
    <entry category="CelestialBody" eid="Id105" shape="(X (X))" shape_type="NA" size="1">
      <originaltripleset>
        <otriple>1097_Vicia | escapeVelocity | "0.0112"^^&lt;http://dbpedia.org/datatype/kilometrePerSecond&gt;</otriple>
      </originaltripleset>
      <modifiedtripleset>
        <mtriple>1097_Vicia | escapeVelocity | 0.0112 (kilometrePerSeconds)</mtriple>
      </modifiedtripleset>
      <lex comment="good" lid="Id1">1097 Vicia has an escape velocity of 0.0112 kilometres per second.</lex>
      <lex comment="good" lid="Id2">The escape velocity of 1097 Vicia is 0.0112 km per sec.</lex>
    </entry>
    <entry category="CelestialBody" eid="Id106" shape="(X (X))" shape_type="NA" size="1">
      <originaltripleset>
        <otriple>1097_Vicia | formerName | "1928 PC"@en</otriple>
      </originaltripleset>
      <modifiedtripleset>
        <mtriple>1097_Vicia | formerName | "1928 PC"</mtriple>
      </modifiedtripleset>
      <lex comment="good" lid="Id1">1097 Vicia was formerly known as "1928 PC".</lex>
      <lex comment="good" lid="Id2">The former name of 1097 Vicia is "1928 PC".</lex>
      <lex comment="good" lid="Id3">1928 PC was the former name of 1097 Vicia.</lex>
    </entry>
    <entry category="CelestialBody" eid="Id107" shape="(X (X))" shape_type="NA" size="1">
      <originaltripleset>
        <otriple>1097_Vicia | Planet/mass | "9.8"^^&lt;http://dbpedia.org/datatype/kilogram&gt;</otriple>
      </originaltripleset>
      <originaltripleset>
        <otriple>1097_Vicia | mass | "9800.0"^^xsd:double</otriple>
      </originaltripleset>
      <modifiedtripleset>
        <mtriple>1097_Vicia | mass | 9.8 (kilograms)</mtriple>
      </modifiedtripleset>
      <lex comment="good" lid="Id1">1097 Vicia has a mass of 9.8 kgs.</lex>
      <lex comment="good" lid="Id2">The celestial body known as 1097 Vicia has a mass of 9.8kg.</lex>
    </entry>
    <entry category="CelestialBody" eid="Id108" shape="(X (X))" shape_type="NA" size="1">
      <originaltripleset>
        <otriple>1097_Vicia | orbitalPeriod | 1.35589e+08</otriple>
      </originaltripleset>
      <modifiedtripleset>
        <mtriple>1097_Vicia | orbitalPeriod | 135589000.0</mtriple>
      </modifiedtripleset>
      <lex comment="good" lid="Id1">1097 Vicia has an orbital period of 135589000.0.</lex>
      <lex comment="good" lid="Id2">The orbital period of 1097 Vicia, is 135589000.0.</lex>
      <lex comment="good" lid="Id3">The orbital period for 1097 Vicia is 135589000.0.</lex>
    </entry>
    <entry category="CelestialBody" eid="Id109" shape="(X (X))" shape_type="NA" size="1">
      <originaltripleset>
        <otriple>1097_Vicia | periapsis | 2.79142e+11</otriple>
      </originaltripleset>
      <modifiedtripleset>
        <mtriple>1097_Vicia | periapsis | 279142000000.0</mtriple>
      </modifiedtripleset>
      <lex comment="good" lid="Id1">1097 Vicia has a periapsis of 279142000000.0.</lex>
      <lex comment="good" lid="Id2">1097 Vicia has a periapsis of 279142000000.</lex>
      <lex comment="good" lid="Id3">1097 Vicia has a periapsis measurement of 279142000000.0.</lex>
    </entry>
    <entry category="CelestialBody" eid="Id110" shape="(X (X))" shape_type="NA" size="1">
      <originaltripleset>
        <otriple>1097_Vicia | temperature | "171.0"^^xsd:double</otriple>
      </originaltripleset>
      <originaltripleset>
        <otriple>1097_Vicia | Planet/temperature | "171.0"^^&lt;http://dbpedia.org/datatype/kelvin&gt;</otriple>
      </originaltripleset>
      <modifiedtripleset>
        <mtriple>1097_Vicia | temperature | 171.0 (kelvins)</mtriple>
      </modifiedtripleset>
      <lex comment="good" lid="Id1">1097 Vicia has a temperature of 171.0 kelvins.</lex>
      <lex comment="good" lid="Id2">The temperature of 1097 Vicia is 171.0 (kelvins).</lex>
      <lex comment="good" lid="Id3">The celestial body known as 1097 Vicia has a temperature of 171 kelvins.</lex>
    </entry>
    <entry category="CelestialBody" eid="Id111" shape="(X (X))" shape_type="NA" size="1">
      <originaltripleset>
        <otriple>1099_Figneria | Planet/apoapsis | "6.05718E8"^^&lt;http://dbpedia.org/datatype/kilometre&gt;</otriple>
      </originaltripleset>
      <modifiedtripleset>
        <mtriple>1099_Figneria | apoapsis | 605718000.0 (kilometres)</mtriple>
      </modifiedtripleset>
      <lex comment="good" lid="Id1">1099 Figneria has an apoapsis of 605718000.0 kilometres.</lex>
      <lex comment="good" lid="Id2">The apoapsis of 1099 Figneria is 605718000.0 kms.</lex>
      <lex comment="good" lid="Id3">1099 Figneria has an apoapsis of 605718000 kilometres.</lex>
    </entry>
    <entry category="CelestialBody" eid="Id112" shape="(X (X))" shape_type="NA" size="1">
      <originaltripleset>
        <otriple>1099_Figneria | Planet/averageSpeed | "16.37"^^&lt;http://dbpedia.org/datatype/kilometrePerSecond&gt;</otriple>
      </originaltripleset>
      <originaltripleset>
        <otriple>1099_Figneria | avgSpeed | "16.37"^^&lt;http://dbpedia.org/datatype/kilometrePerSecond&gt;</otriple>
      </originaltripleset>
      <originaltripleset>
        <otriple>1099_Figneria | averageSpeed | "58932.0"^^xsd:double</otriple>
      </originaltripleset>
      <modifiedtripleset>
        <mtriple>1099_Figneria | averageSpeed | 16.37 (kilometrePerSeconds)</mtriple>
      </modifiedtripleset>
      <lex comment="good" lid="Id1">The average speed of 1099 Figneria is 16.37 km per sec.</lex>
      <lex comment="good" lid="Id2">1099 Figneria travels at an average speed of 16.37 kilometres per second.</lex>
    </entry>
    <entry category="CelestialBody" eid="Id113" shape="(X (X))" shape_type="NA" size="1">
      <originaltripleset>
        <otriple>1099_Figneria | epoch | "2006-12-31"^^xsd:date</otriple>
      </originaltripleset>
      <modifiedtripleset>
        <mtriple>1099_Figneria | epoch | 2006-12-31</mtriple>
      </modifiedtripleset>
      <lex comment="good" lid="Id1">The epoch date for 1099 Figneria is 31 December 2006.</lex>
      <lex comment="good" lid="Id2">1099 Figneria has an epoch date of December 31st 2006.</lex>
    </entry>
    <entry category="CelestialBody" eid="Id114" shape="(X (X))" shape_type="NA" size="1">
      <originaltripleset>
        <otriple>1099_Figneria | formerName | "1928 RQ"@en</otriple>
      </originaltripleset>
      <modifiedtripleset>
        <mtriple>1099_Figneria | formerName | "1928 RQ"</mtriple>
      </modifiedtripleset>
      <lex comment="good" lid="Id1">The former name of 1099 Figneria is 1928 RQ.</lex>
      <lex comment="good" lid="Id2">1099 Figneria was formerly known as "1928 RQ".</lex>
      <lex comment="good" lid="Id3">1099 Figneria was formerly known as 1928 RQ.</lex>
    </entry>
    <entry category="CelestialBody" eid="Id115" shape="(X (X))" shape_type="NA" size="1">
      <originaltripleset>
        <otriple>1099_Figneria | orbitalPeriod | 1.79942e+08</otriple>
      </originaltripleset>
      <modifiedtripleset>
        <mtriple>1099_Figneria | orbitalPeriod | 179942000.0</mtriple>
      </modifiedtripleset>
      <lex comment="good" lid="Id1">1099 Figneria has an orbital period of 179942000.0.</lex>
      <lex comment="good" lid="Id2">The orbital period of 1099 Figneria is 179942000.0.</lex>
      <lex comment="good" lid="Id3">The orbital period for 1099 Figneria, is 179942000.0.</lex>
    </entry>
    <entry category="CelestialBody" eid="Id116" shape="(X (X))" shape_type="NA" size="1">
      <originaltripleset>
        <otriple>1099_Figneria | periapsis | 3.49206e+11</otriple>
      </originaltripleset>
      <modifiedtripleset>
        <mtriple>1099_Figneria | periapsis | 349206000000.0</mtriple>
      </modifiedtripleset>
      <lex comment="good" lid="Id1">1099 Figneria has a periapsis measurement of 349206000000.0.</lex>
      <lex comment="good" lid="Id2">349206000000 is the periapsis of 1099 Figneria.</lex>
      <lex comment="good" lid="Id3">The periapsis of 1099 Figneria is 349206000000.0.</lex>
    </entry>
    <entry category="CelestialBody" eid="Id117" shape="(X (X))" shape_type="NA" size="1">
      <originaltripleset>
        <otriple>1099_Figneria | Planet/temperature | "156.0"^^&lt;http://dbpedia.org/datatype/kelvin&gt;</otriple>
      </originaltripleset>
      <originaltripleset>
        <otriple>1099_Figneria | singleTemperature | "~156 K"@en</otriple>
      </originaltripleset>
      <originaltripleset>
        <otriple>1099_Figneria | temperature | "156.0"^^xsd:double</otriple>
      </originaltripleset>
      <modifiedtripleset>
        <mtriple>1099_Figneria | temperature | 156.0 (kelvins)</mtriple>
      </modifiedtripleset>
      <lex comment="good" lid="Id1">1099 Figneria has a temperature of 156.0 kelvins.</lex>
      <lex comment="good" lid="Id2">The celestial body known as 1099 Figneria has a temperature of 156 kelvins.</lex>
    </entry>
    <entry category="CelestialBody" eid="Id118" shape="(X (X))" shape_type="NA" size="1">
      <originaltripleset>
        <otriple>109_Felicitas | Planet/apoapsis | "5.23329E8"^^&lt;http://dbpedia.org/datatype/kilometre&gt;</otriple>
      </originaltripleset>
      <modifiedtripleset>
        <mtriple>109_Felicitas | apoapsis | 523329000.0 (kilometres)</mtriple>
      </modifiedtripleset>
      <lex comment="good" lid="Id1">109 Felicitas has an apoapsis of 523329000.0 kilometres.</lex>
      <lex comment="good" lid="Id2">The apoapsis for 109 Felicitas is 523329000.0 (kilometres).</lex>
      <lex comment="good" lid="Id3">109 Felicitas has an apoapsis of 523329000 kilometres.</lex>
    </entry>
    <entry category="CelestialBody" eid="Id119" shape="(X (X))" shape_type="NA" size="1">
      <originaltripleset>
        <otriple>109_Felicitas | Planet/averageSpeed | "17.73"^^&lt;http://dbpedia.org/datatype/kilometrePerSecond&gt;</otriple>
      </originaltripleset>
      <originaltripleset>
        <otriple>109_Felicitas | avgSpeed | "17.73"^^&lt;http://dbpedia.org/datatype/kilometrePerSecond&gt;</otriple>
      </originaltripleset>
      <originaltripleset>
        <otriple>109_Felicitas | averageSpeed | "63828.0"^^xsd:double</otriple>
      </originaltripleset>
      <modifiedtripleset>
        <mtriple>109_Felicitas | averageSpeed | 17.73 (kilometrePerSeconds)</mtriple>
      </modifiedtripleset>
      <lex comment="good" lid="Id1">109 Felicitas has an average speed of 17.73 kilometres per second.</lex>
      <lex comment="good" lid="Id2">109 Felicitas travels at an average speed of 17.73 km/s.</lex>
    </entry>
    <entry category="CelestialBody" eid="Id120" shape="(X (X))" shape_type="NA" size="1">
      <originaltripleset>
        <otriple>109_Felicitas | epoch | "December 31, 2006 (JD2454100.5)"</otriple>
      </originaltripleset>
      <modifiedtripleset>
        <mtriple>109_Felicitas | epoch | 2006-12-31</mtriple>
      </modifiedtripleset>
      <lex comment="good" lid="Id1">The epoch date of 109 Felicitas is 31 December 2006.</lex>
      <lex comment="good" lid="Id2">109 Felicitas has an epoch date of December 31st 2006.</lex>
    </entry>
    <entry category="CelestialBody" eid="Id121" shape="(X (X))" shape_type="NA" size="1">
      <originaltripleset>
        <otriple>109_Felicitas | escapeVelocity | "170.28"^^xsd:double</otriple>
      </originaltripleset>
      <modifiedtripleset>
        <mtriple>109_Felicitas | escapeVelocity | 0.0473 (kilometrePerSeconds)</mtriple>
      </modifiedtripleset>
      <lex comment="good" lid="Id1">109 Felicitas has an escape velocity of 0.0473 kilometres per second.</lex>
      <lex comment="good" lid="Id2">109 Felicitas has an escape velocity of 0.0473 km per sec.</lex>
    </entry>
    <entry category="CelestialBody" eid="Id122" shape="(X (X))" shape_type="NA" size="1">
      <originaltripleset>
        <otriple>109_Felicitas | mass | "7500.0"^^xsd:double</otriple>
      </originaltripleset>
      <originaltripleset>
        <otriple>109_Felicitas | Planet/mass | "7.5"^^&lt;http://dbpedia.org/datatype/kilogram&gt;</otriple>
      </originaltripleset>
      <modifiedtripleset>
        <mtriple>109_Felicitas | mass | 7.5 (kilograms)</mtriple>
      </modifiedtripleset>
      <lex comment="good" lid="Id1">109 Felicitas has a mass of 7.5 kilograms.</lex>
      <lex comment="good" lid="Id2">109 Felicitas has a mass of 7.5kgs.</lex>
      <lex comment="good" lid="Id3">109 Felicitas has 7.5 kg of mass.</lex>
    </entry>
    <entry category="CelestialBody" eid="Id123" shape="(X (X))" shape_type="NA" size="1">
      <originaltripleset>
        <otriple>109_Felicitas | orbitalPeriod | 1.39705e+08</otriple>
      </originaltripleset>
      <modifiedtripleset>
        <mtriple>109_Felicitas | orbitalPeriod | 139705000.0</mtriple>
      </modifiedtripleset>
      <lex comment="good" lid="Id1">The orbital period of 109 Felicitas is 139705000.0.</lex>
      <lex comment="good" lid="Id2">109 Felicitas has an orbital period of 139705000.0.</lex>
    </entry>
    <entry category="CelestialBody" eid="Id124" shape="(X (X))" shape_type="NA" size="1">
      <originaltripleset>
        <otriple>109_Felicitas | rotationPeriod | "47487.6"^^xsd:double</otriple>
      </originaltripleset>
      <modifiedtripleset>
        <mtriple>109_Felicitas | rotationPeriod | 47487.6</mtriple>
      </modifiedtripleset>
      <lex comment="good" lid="Id1">The celestial body known as 109 Felicitas has a rotation period of 47487.6.</lex>
      <lex comment="good" lid="Id2">109 Felicitas has a rotational period of 47487.6.</lex>
    </entry>
    <entry category="CelestialBody" eid="Id125" shape="(X (X))" shape_type="NA" size="1">
      <originaltripleset>
        <otriple>10_Hygiea | Planet/apoapsis | "5.2395158233968E8"^^&lt;http://dbpedia.org/datatype/kilometre&gt;</otriple>
      </originaltripleset>
      <modifiedtripleset>
        <mtriple>10_Hygiea | apoapsis | 523951582.33968 (kilometres)</mtriple>
      </modifiedtripleset>
      <lex comment="good" lid="Id1">10 Hygiea has an apoapsis of 523951582.33968 kilometres.</lex>
      <lex comment="good" lid="Id2">10 Hygiea has an apoapsis of 523951582.33968 (kilometres).</lex>
      <lex comment="good" lid="Id3">The asteroid called 10 Hygiea, has an apoapsis of 523951582.33968 kilometres.</lex>
    </entry>
    <entry category="CelestialBody" eid="Id126" shape="(X (X))" shape_type="NA" size="1">
      <originaltripleset>
        <otriple>10_Hygiea | discoverer | Annibale_de_Gasparis</otriple>
      </originaltripleset>
      <modifiedtripleset>
        <mtriple>10_Hygiea | discoverer | Annibale_de_Gasparis</mtriple>
      </modifiedtripleset>
      <lex comment="good" lid="Id1">Annibale de Gasparis discovered 10 Hygiea.</lex>
    </entry>
    <entry category="CelestialBody" eid="Id127" shape="(X (X))" shape_type="NA" size="1">
      <originaltripleset>
        <otriple>10_Hygiea | epoch | "27 June 2015 (JD2457200.5)"</otriple>
      </originaltripleset>
      <modifiedtripleset>
        <mtriple>10_Hygiea | epoch | 2015-06-27</mtriple>
      </modifiedtripleset>
      <lex comment="good" lid="Id1">10 Hygiea has an epoch date of June 27th 2015.</lex>
      <lex comment="good" lid="Id2">The asteroid called 10 Hygiea has an epoch date of 27th June 2015.</lex>
    </entry>
    <entry category="CelestialBody" eid="Id128" shape="(X (X))" shape_type="NA" size="1">
      <originaltripleset>
        <otriple>10_Hygiea | escapeVelocity | "0.21"^^&lt;http://dbpedia.org/datatype/kilometrePerSecond&gt;</otriple>
      </originaltripleset>
      <modifiedtripleset>
        <mtriple>10_Hygiea | escapeVelocity | 0.21 (kilometrePerSeconds)</mtriple>
      </modifiedtripleset>
      <lex comment="good" lid="Id1">10 Hygiea has an escape velocity of 0.21 kilometres per second.</lex>
      <lex comment="good" lid="Id2">10 Hygiea has an escape velocity of 0.21 km per secs.</lex>
      <lex comment="good" lid="Id3">The escape velocity of 10 Hygiea is 0.21 km per sec.</lex>
    </entry>
    <entry category="CelestialBody" eid="Id129" shape="(X (X))" shape_type="NA" size="1">
      <originaltripleset>
        <otriple>10_Hygiea | formerName | "A900 GA"@en</otriple>
      </originaltripleset>
      <modifiedtripleset>
        <mtriple>10_Hygiea | formerName | "A900 GA"</mtriple>
      </modifiedtripleset>
      <lex comment="good" lid="Id1">The former name of 10 Hygiea was A900 GA.</lex>
      <lex comment="good" lid="Id2">10 Hygiea was formerly known as "A900 GA".</lex>
      <lex comment="good" lid="Id3">A900 GA was the former name of 10 Hygiea.</lex>
    </entry>
    <entry category="CelestialBody" eid="Id130" shape="(X (X))" shape_type="NA" size="1">
      <originaltripleset>
        <otriple>10_Hygiea | periapsis | 4.16136e+11</otriple>
      </originaltripleset>
      <modifiedtripleset>
        <mtriple>10_Hygiea | periapsis | 416136000000.0</mtriple>
      </modifiedtripleset>
      <lex comment="good" lid="Id1">The periapsis measurement of 10 Hygiea is 416136000000.0.</lex>
      <lex comment="good" lid="Id2">10 Hygiea has a periapsis of 416136000000.0.</lex>
    </entry>
    <entry category="CelestialBody" eid="Id131" shape="(X (X))" shape_type="NA" size="1">
      <originaltripleset>
        <otriple>10_Hygiea | rotationPeriod | "198803.0"^^xsd:double</otriple>
      </originaltripleset>
      <modifiedtripleset>
        <mtriple>10_Hygiea | rotationPeriod | 198803.0</mtriple>
      </modifiedtripleset>
      <lex comment="good" lid="Id1">10 Hygiea has a rotation period of 198803.0.</lex>
      <lex comment="good" lid="Id2">The rotation period of 10 Hygiea is 198803.0.</lex>
    </entry>
    <entry category="CelestialBody" eid="Id132" shape="(X (X))" shape_type="NA" size="1">
      <originaltripleset>
        <otriple>10_Hygiea | surfaceArea | 8.37081e+11</otriple>
      </originaltripleset>
      <originaltripleset>
        <otriple>10_Hygiea | Planet/surfaceArea | "837080.744"^^&lt;http://dbpedia.org/datatype/squareKilometre&gt;</otriple>
      </originaltripleset>
      <modifiedtripleset>
        <mtriple>10_Hygiea | surfaceArea | 837080.744 (squareKilometres)</mtriple>
      </modifiedtripleset>
      <lex comment="good" lid="Id1">10 Hygiea has a surface area of 837080.744 square kilometres.</lex>
      <lex comment="good" lid="Id2">The celestial body known as 10 Hygiea has a surface area of 837080.744 square km.</lex>
    </entry>
    <entry category="CelestialBody" eid="Id133" shape="(X (X))" shape_type="NA" size="1">
      <originaltripleset>
        <otriple>10_Hygiea | Planet/temperature | "247.0"^^&lt;http://dbpedia.org/datatype/kelvin&gt;</otriple>
      </originaltripleset>
      <originaltripleset>
        <otriple>10_Hygiea | temperature | "164.0"^^xsd:double</otriple>
      </originaltripleset>
      <originaltripleset>
        <otriple>10_Hygiea | temperature | "247.0"^^xsd:double</otriple>
      </originaltripleset>
      <modifiedtripleset>
        <mtriple>10_Hygiea | temperature | 164.0 (kelvins)</mtriple>
      </modifiedtripleset>
      <lex comment="good" lid="Id1">10 Hygiea has a temperature of 164.0 kelvins.</lex>
      <lex comment="good" lid="Id2">The temperature of 10 Hygiea is 164.0 kelvins.</lex>
      <lex comment="good" lid="Id3">10 Hygiea has a temperature of 164 Kelvins.</lex>
    </entry>
    <entry category="CelestialBody" eid="Id134" shape="(X (X))" shape_type="NA" size="1">
      <originaltripleset>
        <otriple>1101_Clematis | Planet/apoapsis | "5.20906E8"^^&lt;http://dbpedia.org/datatype/kilometre&gt;</otriple>
      </originaltripleset>
      <modifiedtripleset>
        <mtriple>1101_Clematis | apoapsis | 520906000.0 (kilometres)</mtriple>
      </modifiedtripleset>
      <lex comment="good" lid="Id1">1101 Clematis has an apoapsis of 520906000.0 kilometres.</lex>
      <lex comment="good" lid="Id2">The apoapsis for 1101 Clematis is 520906000.0 (kilometres).</lex>
      <lex comment="good" lid="Id3">1101 Clematis has an apoapsis of 520906000.0 Kilometers.</lex>
    </entry>
    <entry category="CelestialBody" eid="Id135" shape="(X (X))" shape_type="NA" size="1">
      <originaltripleset>
        <otriple>1101_Clematis | avgSpeed | "16.54"^^&lt;http://dbpedia.org/datatype/kilometrePerSecond&gt;</otriple>
      </originaltripleset>
      <originaltripleset>
        <otriple>1101_Clematis | averageSpeed | "59544.0"^^xsd:double</otriple>
      </originaltripleset>
      <originaltripleset>
        <otriple>1101_Clematis | Planet/averageSpeed | "16.54"^^&lt;http://dbpedia.org/datatype/kilometrePerSecond&gt;</otriple>
      </originaltripleset>
      <modifiedtripleset>
        <mtriple>1101_Clematis | averageSpeed | 16.54 (kilometrePerSeconds)</mtriple>
      </modifiedtripleset>
      <lex comment="good" lid="Id1">1101 Clematis has the average speed of 16.54 km/s.</lex>
      <lex comment="good" lid="Id2">The celestial body known as 1101 Clematis has an average speed of 16.54 k.p.s.</lex>
      <lex comment="good" lid="Id3">The minor planet called 1101 Clematis has an average speed of 16.54 kilometres per second.</lex>
    </entry>
    <entry category="CelestialBody" eid="Id136" shape="(X (X))" shape_type="NA" size="1">
      <originaltripleset>
        <otriple>1101_Clematis | epoch | "December 31, 2006 (JD2454100.5)"</otriple>
      </originaltripleset>
      <modifiedtripleset>
        <mtriple>1101_Clematis | epoch | 2006-12-31</mtriple>
      </modifiedtripleset>
      <lex comment="good" lid="Id1">1101 Clematis has an epoch date of December 31st 2006.</lex>
      <lex comment="good" lid="Id2">The epoch of 1101 Clematis is 31 December 2006.</lex>
      <lex comment="good" lid="Id3">The epoch of 1101 Clematis is on the 31st of July 2016.</lex>
    </entry>
    <entry category="CelestialBody" eid="Id137" shape="(X (X))" shape_type="NA" size="1">
      <originaltripleset>
        <otriple>1101_Clematis | escapeVelocity | "72.0"^^xsd:double</otriple>
      </originaltripleset>
      <modifiedtripleset>
        <mtriple>1101_Clematis | escapeVelocity | 0.02 (kilometrePerSeconds)</mtriple>
      </modifiedtripleset>
      <lex comment="good" lid="Id1">The escape velocity of 1101 Clematis is 0.02 km/sec.</lex>
      <lex comment="good" lid="Id2">1101 Clematis has an escape velocity of 0.02 kilometres per second.</lex>
      <lex comment="good" lid="Id3">The celestial body known as 1101 Clematis has an escape velocity of 0.02 k.p.s.</lex>
    </entry>
    <entry category="CelestialBody" eid="Id138" shape="(X (X))" shape_type="NA" size="1">
      <originaltripleset>
        <otriple>1101_Clematis | formerName | "1928 SJ"@en</otriple>
      </originaltripleset>
      <modifiedtripleset>
        <mtriple>1101_Clematis | formerName | "1928 SJ"</mtriple>
      </modifiedtripleset>
      <lex comment="good" lid="Id1">1928 SJ was the former name of 1101 Clematis.</lex>
      <lex comment="good" lid="Id2">"1928 SJ" is the former name of 1101 Clematis.</lex>
      <lex comment="good" lid="Id3">The former name of 1101 Clematis is "1928 SJ".</lex>
    </entry>
    <entry category="CelestialBody" eid="Id139" shape="(X (X))" shape_type="NA" size="1">
      <originaltripleset>
        <otriple>1101_Clematis | Planet/mass | "5.7"^^&lt;http://dbpedia.org/datatype/kilogram&gt;</otriple>
      </originaltripleset>
      <originaltripleset>
        <otriple>1101_Clematis | mass | "5700.0"^^xsd:double</otriple>
      </originaltripleset>
      <modifiedtripleset>
        <mtriple>1101_Clematis | mass | 5.7 (kilograms)</mtriple>
      </modifiedtripleset>
      <lex comment="good" lid="Id1">1101 Clematis has a mass of 5.7 kgs.</lex>
      <lex comment="good" lid="Id2">1101 Clematis has a mass of 5.7 kilograms.</lex>
    </entry>
    <entry category="CelestialBody" eid="Id140" shape="(X (X))" shape_type="NA" size="1">
      <originaltripleset>
        <otriple>1101_Clematis | orbitalPeriod | 1.83309e+08</otriple>
      </originaltripleset>
      <modifiedtripleset>
        <mtriple>1101_Clematis | orbitalPeriod | 183309000.0</mtriple>
      </modifiedtripleset>
      <lex comment="good" lid="Id1">1101 Clematis has an orbital period of 183309000.0.</lex>
      <lex comment="good" lid="Id2">The orbital period for 1101 Clematis is 183309000.0.</lex>
    </entry>
    <entry category="CelestialBody" eid="Id141" shape="(X (X))" shape_type="NA" size="1">
      <originaltripleset>
        <otriple>1101_Clematis | temperature | "155.0"^^xsd:double</otriple>
      </originaltripleset>
      <originaltripleset>
        <otriple>1101_Clematis | singleTemperature | "~155 K"@en</otriple>
      </originaltripleset>
      <originaltripleset>
        <otriple>1101_Clematis | Planet/temperature | "155.0"^^&lt;http://dbpedia.org/datatype/kelvin&gt;</otriple>
      </originaltripleset>
      <modifiedtripleset>
        <mtriple>1101_Clematis | temperature | 155.0 (kelvins)</mtriple>
      </modifiedtripleset>
      <lex comment="good" lid="Id1">1101 Clematis has a temperature of 155 kelvins.</lex>
      <lex comment="good" lid="Id2">1101 Clematis has a temperature of 155.0 kelvins.</lex>
      <lex comment="good" lid="Id3">The celestial body known as 1101 Clematis has a temperature of 155 kelvins.</lex>
    </entry>
    <entry category="CelestialBody" eid="Id142" shape="(X (X))" shape_type="NA" size="1">
      <originaltripleset>
        <otriple>110_Lydia | Planet/apoapsis | "4.40756E8"^^&lt;http://dbpedia.org/datatype/kilometre&gt;</otriple>
      </originaltripleset>
      <modifiedtripleset>
        <mtriple>110_Lydia | apoapsis | 440756000.0 (kilometres)</mtriple>
      </modifiedtripleset>
      <lex comment="good" lid="Id1">110 Lydia has an apoapsis of 440756000.0 kilometres.</lex>
      <lex comment="good" lid="Id2">The apoapsis for 110 Lydia is 440756000.0 (kilometres).</lex>
    </entry>
    <entry category="CelestialBody" eid="Id143" shape="(X (X))" shape_type="NA" size="1">
      <originaltripleset>
        <otriple>110_Lydia | Planet/averageSpeed | "17.99"^^&lt;http://dbpedia.org/datatype/kilometrePerSecond&gt;</otriple>
      </originaltripleset>
      <originaltripleset>
        <otriple>110_Lydia | averageSpeed | "64764.0"^^xsd:double</otriple>
      </originaltripleset>
      <originaltripleset>
        <otriple>110_Lydia | avgSpeed | "17.99"^^&lt;http://dbpedia.org/datatype/kilometrePerSecond&gt;</otriple>
      </originaltripleset>
      <modifiedtripleset>
        <mtriple>110_Lydia | averageSpeed | 17.99 (kilometrePerSeconds)</mtriple>
      </modifiedtripleset>
      <lex comment="good" lid="Id1">110 Lydia travels at an average speed of 17.99 kilometres per second.</lex>
      <lex comment="good" lid="Id2">The average speed of 110 Lydia is 17.99 km/sec.</lex>
      <lex comment="good" lid="Id3">110 Lydia travels at an average speed of 17.99 kmps.</lex>
    </entry>
    <entry category="CelestialBody" eid="Id144" shape="(X (X))" shape_type="NA" size="1">
      <originaltripleset>
        <otriple>110_Lydia | discoverer | Alphonse_Borrelly</otriple>
      </originaltripleset>
      <modifiedtripleset>
        <mtriple>110_Lydia | discoverer | Alphonse_Borrelly</mtriple>
      </modifiedtripleset>
      <lex comment="good" lid="Id1">The celestial body known as 110 Lydia was discovered by Alphonse Borrelly.</lex>
      <lex comment="good" lid="Id2">Alphonse Borrelly was the discoverer of 110 Lydia.</lex>
    </entry>
    <entry category="CelestialBody" eid="Id145" shape="(X (X))" shape_type="NA" size="1">
      <originaltripleset>
        <otriple>110_Lydia | escapeVelocity | "163.8"^^xsd:double</otriple>
      </originaltripleset>
      <modifiedtripleset>
        <mtriple>110_Lydia | escapeVelocity | 0.0455 (kilometrePerSeconds)</mtriple>
      </modifiedtripleset>
      <lex comment="good" lid="Id1">110 Lydia has an escape velocity of 0.0455 kilometres per second.</lex>
      <lex comment="good" lid="Id2">110 Lydia has an escape velocity of 0.0455 km/s.</lex>
    </entry>
    <entry category="CelestialBody" eid="Id146" shape="(X (X))" shape_type="NA" size="1">
      <originaltripleset>
        <otriple>110_Lydia | Planet/mass | "6.7"^^&lt;http://dbpedia.org/datatype/kilogram&gt;</otriple>
      </originaltripleset>
      <originaltripleset>
        <otriple>110_Lydia | mass | "6700.0"^^xsd:double</otriple>
      </originaltripleset>
      <modifiedtripleset>
        <mtriple>110_Lydia | mass | 6.7 (kilograms)</mtriple>
      </modifiedtripleset>
      <lex comment="good" lid="Id1">110 Lydia has a mass of 6.7 kilograms.</lex>
      <lex comment="good" lid="Id2">The mass of 110 Lydia is 6.7 kg.</lex>
    </entry>
    <entry category="CelestialBody" eid="Id147" shape="(X (X))" shape_type="NA" size="1">
      <originaltripleset>
        <otriple>110_Lydia | orbitalPeriod | 1.42603e+08</otriple>
      </originaltripleset>
      <modifiedtripleset>
        <mtriple>110_Lydia | orbitalPeriod | 142603000.0</mtriple>
      </modifiedtripleset>
      <lex comment="good" lid="Id1">The orbital period for 110 Lydia is 142603000.0.</lex>
      <lex comment="good" lid="Id2">110 Lydia has an orbital period of 142603000.0.</lex>
      <lex comment="good" lid="Id3">The celestial body known as 110 Lydia has an orbital period of 142603000.</lex>
    </entry>
    <entry category="CelestialBody" eid="Id148" shape="(X (X))" shape_type="NA" size="1">
      <originaltripleset>
        <otriple>110_Lydia | rotationPeriod | "39332.9"^^xsd:double</otriple>
      </originaltripleset>
      <modifiedtripleset>
        <mtriple>110_Lydia | rotationPeriod | 39332.9</mtriple>
      </modifiedtripleset>
      <lex comment="good" lid="Id1">110 Lydia has a rotation period of 39332.9.</lex>
      <lex comment="good" lid="Id2">110 Lydia has a rotational period of 39332.9.</lex>
    </entry>
    <entry category="CelestialBody" eid="Id149" shape="(X (X))" shape_type="NA" size="1">
      <originaltripleset>
        <otriple>110_Lydia | temperature | "168.0"^^xsd:double</otriple>
      </originaltripleset>
      <originaltripleset>
        <otriple>110_Lydia | Planet/temperature | "168.0"^^&lt;http://dbpedia.org/datatype/kelvin&gt;</otriple>
      </originaltripleset>
      <modifiedtripleset>
        <mtriple>110_Lydia | temperature | 168.0 (kelvins)</mtriple>
      </modifiedtripleset>
      <lex comment="good" lid="Id1">110 Lydia has a temperature of 168 kelvins.</lex>
      <lex comment="good" lid="Id2">110 Lydia has a temperature of 168.0 kelvins.</lex>
      <lex comment="good" lid="Id3">The asteroid 110 Lydia has a temperature of 168.0 kelvins.</lex>
    </entry>
    <entry category="CelestialBody" eid="Id150" shape="(X (X))" shape_type="NA" size="1">
      <originaltripleset>
        <otriple>11264_Claudiomaccone | Planet/apoapsis | "4.75426E8"^^&lt;http://dbpedia.org/datatype/kilometre&gt;</otriple>
      </originaltripleset>
      <modifiedtripleset>
        <mtriple>11264_Claudiomaccone | apoapsis | 475426000.0 (kilometres)</mtriple>
      </modifiedtripleset>
      <lex comment="good" lid="Id1">The apoapsis for 11264 Claudiomaccone is 475426000.0 (kilometres).</lex>
      <lex comment="good" lid="Id2">11264 Claudiomaccone has an apoapsis of 475426000.0 kilometres.</lex>
      <lex comment="good" lid="Id3">11264 Claudiomaccone has an apoapsis of 475426000 kilometres.</lex>
    </entry>
    <entry category="CelestialBody" eid="Id151" shape="(X (X))" shape_type="NA" size="1">
      <originaltripleset>
        <otriple>11264_Claudiomaccone | avgSpeed | "18.29"^^&lt;http://dbpedia.org/datatype/kilometrePerSecond&gt;</otriple>
      </originaltripleset>
      <originaltripleset>
        <otriple>11264_Claudiomaccone | averageSpeed | "65844.0"^^xsd:double</otriple>
      </originaltripleset>
      <originaltripleset>
        <otriple>11264_Claudiomaccone | Planet/averageSpeed | "18.29"^^&lt;http://dbpedia.org/datatype/kilometrePerSecond&gt;</otriple>
      </originaltripleset>
      <modifiedtripleset>
        <mtriple>11264_Claudiomaccone | averageSpeed | 18.29 (kilometrePerSeconds)</mtriple>
      </modifiedtripleset>
      <lex comment="good" lid="Id1">11264 Claudiomaccone has an average speed of 18.29 kilometres per second.</lex>
      <lex comment="good" lid="Id2">The celestial body known as 11264 Claudiomaccone has an average speed of 18.29km/s.</lex>
      <lex comment="good" lid="Id3">The asteroid called 11264 Claudiomaccone has an average speed of 18.29 kilometres per second.</lex>
    </entry>
    <entry category="CelestialBody" eid="Id152" shape="(X (X))" shape_type="NA" size="1">
      <originaltripleset>
        <otriple>11264_Claudiomaccone | discoverer | Nikolai_Chernykh</otriple>
      </originaltripleset>
      <modifiedtripleset>
        <mtriple>11264_Claudiomaccone | discoverer | Nikolai_Chernykh</mtriple>
      </modifiedtripleset>
      <lex comment="good" lid="Id1">11264 Claudiomaccone was discovered by Nikolai Chernykh.</lex>
      <lex comment="good" lid="Id2">Nikolai Chernykh was the discoverer of 11264 Claudiomaccone.</lex>
      <lex comment="good" lid="Id3">Nikolai Chernykh discovered 11264 Claudiomaccone.</lex>
    </entry>
    <entry category="CelestialBody" eid="Id153" shape="(X (X))" shape_type="NA" size="1">
      <originaltripleset>
        <otriple>11264_Claudiomaccone | epoch | "November 26, 2005 (JD2453700.5)"</otriple>
      </originaltripleset>
      <modifiedtripleset>
        <mtriple>11264_Claudiomaccone | epoch | 2005-11-26</mtriple>
      </modifiedtripleset>
      <lex comment="good" lid="Id1">11264 Claudiomaccone has the epoch date of 26 November 2005.</lex>
      <lex comment="good" lid="Id2">11264 Claudiomaccone has an epoch date of November 26th 2005.</lex>
    </entry>
    <entry category="CelestialBody" eid="Id154" shape="(X (X))" shape_type="NA" size="1">
      <originaltripleset>
        <otriple>11264_Claudiomaccone | orbitalPeriod | 1.30786e+08</otriple>
      </originaltripleset>
      <originaltripleset>
        <otriple>11264_Claudiomaccone | Planet/orbitalPeriod | "1513.722"^^&lt;http://dbpedia.org/datatype/day&gt;</otriple>
      </originaltripleset>
      <modifiedtripleset>
        <mtriple>11264_Claudiomaccone | orbitalPeriod | 1513.722 (days)</mtriple>
      </modifiedtripleset>
      <lex comment="good" lid="Id1">11264 Claudiomaccone has an orbital period of 1513.722 days.</lex>
      <lex comment="good" lid="Id2">The orbital period for 11264 Claudiomaccone is 1513.722 days.</lex>
      <lex comment="good" lid="Id3">11264 Claudiomaccone's orbital period is 1513.722 days.</lex>
    </entry>
    <entry category="CelestialBody" eid="Id155" shape="(X (X))" shape_type="NA" size="1">
      <originaltripleset>
        <otriple>11264_Claudiomaccone | periapsis | 2.96521e+11</otriple>
      </originaltripleset>
      <modifiedtripleset>
        <mtriple>11264_Claudiomaccone | periapsis | 296521000.0 (kilometres)</mtriple>
      </modifiedtripleset>
      <lex comment="good" lid="Id1">11264 Claudiomaccone has a periapsis of 296521000.0 (kilometres).</lex>
      <lex comment="good" lid="Id2">The periapsis of 11264 Claudiomaccone is at 296521000.0 kilometres.</lex>
      <lex comment="good" lid="Id3">11264 Claudiomaccone has a periapsis of 296521000.0 kilometres.</lex>
    </entry>
    <entry category="CelestialBody" eid="Id156" shape="(X (X))" shape_type="NA" size="1">
      <originaltripleset>
        <otriple>11264_Claudiomaccone | rotationPeriod | "11473.9"^^xsd:double</otriple>
      </originaltripleset>
      <modifiedtripleset>
        <mtriple>11264_Claudiomaccone | rotationPeriod | 11473.9</mtriple>
      </modifiedtripleset>
      <lex comment="good" lid="Id1">The rotation period for 11264 Claudiomaccone is 11473.9.</lex>
      <lex comment="good" lid="Id2">The celestial body known as 11264 Claudiomaccone has a rotation period of 11473.9.</lex>
      <lex comment="good" lid="Id3">11264 Claudiomaccone has a rotation period of 11473.9.</lex>
    </entry>
    <entry category="CelestialBody" eid="Id157" shape="(X (X))" shape_type="NA" size="1">
      <originaltripleset>
        <otriple>James_Craig_Watson | deathCause | Peritonitis</otriple>
      </originaltripleset>
      <modifiedtripleset>
        <mtriple>James_Craig_Watson | deathCause | Peritonitis</mtriple>
      </modifiedtripleset>
      <lex comment="good" lid="Id1">James Craig Watson died of peritonitis.</lex>
      <lex comment="good" lid="Id2">James Craig Watson died from peritonitis.</lex>
    </entry>
    <entry category="CelestialBody" eid="Id158" shape="(X (X))" shape_type="NA" size="1">
      <originaltripleset>
        <otriple>James_Craig_Watson | deathPlace | Madison,_Wisconsin</otriple>
      </originaltripleset>
      <modifiedtripleset>
        <mtriple>James_Craig_Watson | deathPlace | Madison,_Wisconsin</mtriple>
      </modifiedtripleset>
      <lex comment="good" lid="Id1">James Craig Watson died in Madison, Wisconsin.</lex>
    </entry>
    <entry category="CelestialBody" eid="Id159" shape="(X (X))" shape_type="NA" size="1">
      <originaltripleset>
        <otriple>James_Craig_Watson | nationality | Canada</otriple>
      </originaltripleset>
      <modifiedtripleset>
        <mtriple>James_Craig_Watson | nationality | Canada</mtriple>
      </modifiedtripleset>
      <lex comment="good" lid="Id1">James Craig Watson is a Canadian national.</lex>
      <lex comment="good" lid="Id2">The nationality of James Craig Watson is canadian.</lex>
    </entry>
    <entry category="CelestialBody" eid="Id160" shape="(X (X))" shape_type="NA" size="1">
      <originaltripleset>
        <otriple>James_Craig_Watson | stateOfOrigin | Canada</otriple>
      </originaltripleset>
      <modifiedtripleset>
        <mtriple>James_Craig_Watson | stateOfOrigin | Canada</mtriple>
      </modifiedtripleset>
      <lex comment="good" lid="Id1">James Craig Watson has his origins in Canada.</lex>
      <lex comment="good" lid="Id2">James Craig Watson originates from Canada.</lex>
    </entry>
    <entry category="CelestialBody" eid="Id161" shape="(X (X))" shape_type="NA" size="1">
      <originaltripleset>
        <otriple>N._R._Pogson | deathPlace | Chennai</otriple>
      </originaltripleset>
      <modifiedtripleset>
        <mtriple>N._R._Pogson | deathPlace | Chennai</mtriple>
      </modifiedtripleset>
      <lex comment="good" lid="Id1">N R Pogson died in Chennai.</lex>
      <lex comment="good" lid="Id2">N. R. Pogson died in Chennai.</lex>
    </entry>
    <entry category="CelestialBody" eid="Id162" shape="(X (X))" shape_type="NA" size="1">
      <originaltripleset>
        <otriple>Walter_Baade | almaMater | University_of_Göttingen</otriple>
      </originaltripleset>
      <modifiedtripleset>
        <mtriple>Walter_Baade | almaMater | University_of_Göttingen</mtriple>
      </modifiedtripleset>
      <lex comment="good" lid="Id1">Walter Baade's alma mater was the University of Gottingen.</lex>
      <lex comment="good" lid="Id2">Walter baade graduated from University of Gottingen.</lex>
      <lex comment="good" lid="Id3">The university of Gottingen was where Walter Baade studied.</lex>
    </entry>
    <entry category="CelestialBody" eid="Id163" shape="(X (X))" shape_type="NA" size="1">
      <originaltripleset>
        <otriple>Walter_Baade | birthPlace | German_Empire</otriple>
      </originaltripleset>
      <modifiedtripleset>
        <mtriple>Walter_Baade | birthPlace | German_Empire</mtriple>
      </modifiedtripleset>
      <lex comment="good" lid="Id1">Walter Baade was born in the German Empire.</lex>
      <lex comment="good" lid="Id2">The German empire was the birthplace of Walter Baade.</lex>
    </entry>
    <entry category="CelestialBody" eid="Id164" shape="(X (X))" shape_type="NA" size="1">
      <originaltripleset>
        <otriple>Walter_Baade | birthPlace | Preußisch_Oldendorf</otriple>
      </originaltripleset>
      <modifiedtripleset>
        <mtriple>Walter_Baade | birthPlace | Preußisch_Oldendorf</mtriple>
      </modifiedtripleset>
      <lex comment="good" lid="Id1">Preußisch Oldendorf was the birthplace of Walter Baade.</lex>
      <lex comment="good" lid="Id2">Walter Baade was born in Preußisch Oldendorf.</lex>
      <lex comment="good" lid="Id3">Walter Baade was born in Preussisch Oldendorf.</lex>
    </entry>
    <entry category="CelestialBody" eid="Id165" shape="(X (X))" shape_type="NA" size="1">
      <originaltripleset>
        <otriple>Walter_Baade | deathPlace | Göttingen</otriple>
      </originaltripleset>
      <modifiedtripleset>
        <mtriple>Walter_Baade | deathPlace | Göttingen</mtriple>
      </modifiedtripleset>
      <lex comment="good" lid="Id1">Walter Baade died in Gottingen.</lex>
      <lex comment="good" lid="Id2">Walter Baade died in Göttingen.</lex>
    </entry>
    <entry category="CelestialBody" eid="Id166" shape="(X (X))" shape_type="NA" size="1">
      <originaltripleset>
        <otriple>Walter_Baade | deathPlace | West_Germany</otriple>
      </originaltripleset>
      <modifiedtripleset>
        <mtriple>Walter_Baade | deathPlace | West_Germany</mtriple>
      </modifiedtripleset>
      <lex comment="good" lid="Id1">Walter Baade died in West Germany.</lex>
    </entry>
    <entry category="CelestialBody" eid="Id167" shape="(X (X))" shape_type="NA" size="1">
      <originaltripleset>
        <otriple>Walter_Baade | doctoralStudent | Allan_Sandage</otriple>
      </originaltripleset>
      <originaltripleset>
        <otriple>Walter_Baade | doctoralStudents | Allan_Sandage</otriple>
      </originaltripleset>
      <modifiedtripleset>
        <mtriple>Walter_Baade | doctoralStudent | Allan_Sandage</mtriple>
      </modifiedtripleset>
      <lex comment="good" lid="Id1">Allan Sandage was a doctoral student of Walter Baade.</lex>
    </entry>
    <entry category="CelestialBody" eid="Id168" shape="(X (X))" shape_type="NA" size="1">
      <originaltripleset>
        <otriple>Walter_Baade | doctoralStudents | Halton_Arp</otriple>
      </originaltripleset>
      <originaltripleset>
        <otriple>Walter_Baade | doctoralStudent | Halton_Arp</otriple>
      </originaltripleset>
      <modifiedtripleset>
        <mtriple>Walter_Baade | doctoralStudent | Halton_Arp</mtriple>
      </modifiedtripleset>
      <lex comment="good" lid="Id1">Halton Arp was a doctoral student of Walter Baade.</lex>
      <lex comment="good" lid="Id2">Walter Baade's doctoral student was Halton Arp.</lex>
    </entry>
    <entry category="CelestialBody" eid="Id169" shape="(X (X))" shape_type="NA" size="1">
      <originaltripleset>
        <otriple>Walter_Baade | nationality | Germany</otriple>
      </originaltripleset>
      <modifiedtripleset>
        <mtriple>Walter_Baade | nationality | Germany</mtriple>
      </modifiedtripleset>
      <lex comment="good" lid="Id1">Walter Baade is a German national.</lex>
      <lex comment="good" lid="Id2">Walter Baade was a German national.</lex>
    </entry>
    <entry category="CelestialBody" eid="Id1" shape="(X (X))" shape_type="NA" size="1">
      <originaltripleset>
        <otriple>(29075)_1950_DA | discoverer | Carl_A._Wirtanen</otriple>
      </originaltripleset>
      <modifiedtripleset>
        <mtriple>(29075)_1950_DA | discoverer | Carl_A._Wirtanen</mtriple>
      </modifiedtripleset>
      <lex comment="good" lid="Id1">(29075) 1950 DA was discovered by Carl A Wirtanen.</lex>
      <lex comment="good" lid="Id2">Carl A Wirtanen discovered (29075) 1950 DA.</lex>
      <lex comment="good" lid="Id3">Carl A Wirtanen was the discoverer of 29075 1950 DA.</lex>
    </entry>
    <entry category="CelestialBody" eid="Id2" shape="(X (X))" shape_type="NA" size="1">
      <originaltripleset>
        <otriple>(410777)_2009_FD | Planet/apoapsis | "2.5977670247055E8"^^&lt;http://dbpedia.org/datatype/kilometre&gt;</otriple>
      </originaltripleset>
      <modifiedtripleset>
        <mtriple>(410777)_2009_FD | apoapsis | 259776702.47055 (kilometres)</mtriple>
      </modifiedtripleset>
      <lex comment="good" lid="Id1">(410777) 2009 FD has an apoapsis of 259776702.47055 kilometres.</lex>
      <lex comment="good" lid="Id2">The apoapsis of (410777) 2009 FD is 259776702.47055 kilometers.</lex>
    </entry>
    <entry category="CelestialBody" eid="Id3" shape="(X (X))" shape_type="NA" size="1">
      <originaltripleset>
        <otriple>(66063)_1998_RO1 | epoch | "November 4, 2013"</otriple>
      </originaltripleset>
      <modifiedtripleset>
        <mtriple>(66063)_1998_RO1 | epoch | 2013-11-04</mtriple>
      </modifiedtripleset>
      <lex comment="good" lid="Id1">66063 1998 RO1 has an epoch date of 4 November 2013.</lex>
      <lex comment="good" lid="Id2">(66063) 1998 RO1 has an epoch date of 2013-11-04.</lex>
      <lex comment="good" lid="Id3">The epoch of (66063) 1998 RO1 is on the 13th of January 2016.</lex>
    </entry>
    <entry category="CelestialBody" eid="Id4" shape="(X (X))" shape_type="NA" size="1">
      <originaltripleset>
        <otriple>(66391)_1999_KW4 | periapsis | 2.99196e+10</otriple>
      </originaltripleset>
      <modifiedtripleset>
        <mtriple>(66391)_1999_KW4 | periapsis | 29919600000.0</mtriple>
      </modifiedtripleset>
      <lex comment="good" lid="Id1">(66391) 1999 KW4 has a periapsis of 29919600000.0.</lex>
      <lex comment="good" lid="Id2">The apoapsis of (66391) 1999 KW4 is 29919600000.0.</lex>
    </entry>
    <entry category="CelestialBody" eid="Id5" shape="(X (X))" shape_type="NA" size="1">
      <originaltripleset>
        <otriple>101_Helena | mass | "3.0"^^&lt;http://dbpedia.org/datatype/kilogram&gt;</otriple>
      </originaltripleset>
      <modifiedtripleset>
        <mtriple>101_Helena | mass | 3.0 (kilograms)</mtriple>
      </modifiedtripleset>
      <lex comment="good" lid="Id1">101 Helena has a mass of 3.0 kgs.</lex>
      <lex comment="good" lid="Id2">101 Helena has a mass of 3.0 kilograms.</lex>
    </entry>
    <entry category="CelestialBody" eid="Id6" shape="(X (X))" shape_type="NA" size="1">
      <originaltripleset>
        <otriple>101_Helena | Planet/orbitalPeriod | "1516.6700000000003"^^&lt;http://dbpedia.org/datatype/day&gt;</otriple>
      </originaltripleset>
      <originaltripleset>
        <otriple>101_Helena | orbitalPeriod | 1.3104e+08</otriple>
      </originaltripleset>
      <modifiedtripleset>
        <mtriple>101_Helena | orbitalPeriod | 1516.6700000000003 (days)</mtriple>
      </modifiedtripleset>
      <lex comment="good" lid="Id1">101 Helena has an orbital period of 1516.6700000000003 days.</lex>
      <lex comment="good" lid="Id2">The orbital period for 101 Helena is 1516.6700000000003 (days).</lex>
      <lex comment="good" lid="Id3">101 Helena has an orbit of 1516.6700000000003 days.</lex>
    </entry>
    <entry category="CelestialBody" eid="Id7" shape="(X (X))" shape_type="NA" size="1">
      <originaltripleset>
        <otriple>1036_Ganymed | avgSpeed | "16.86"^^&lt;http://dbpedia.org/datatype/kilometrePerSecond&gt;</otriple>
      </originaltripleset>
      <originaltripleset>
        <otriple>1036_Ganymed | averageSpeed | "60696.0"^^xsd:double</otriple>
      </originaltripleset>
      <modifiedtripleset>
        <mtriple>1036_Ganymed | averageSpeed | 16.86 (kilometrePerSeconds)</mtriple>
      </modifiedtripleset>
      <lex comment="good" lid="Id1">1036 Ganymed has an average speed of 16.86 km per sec.</lex>
      <lex comment="good" lid="Id2">1036 Ganymed travels at an average speed of 16.86 kilometres per second.</lex>
      <lex comment="good" lid="Id3">The celestial body known as 1036 Ganymed has an average speed of 16.86 k.p.s.</lex>
    </entry>
    <entry category="CelestialBody" eid="Id8" shape="(X (X))" shape_type="NA" size="1">
      <originaltripleset>
        <otriple>1036_Ganymed | Planet/temperature | "160.0"^^&lt;http://dbpedia.org/datatype/kelvin&gt;</otriple>
      </originaltripleset>
      <originaltripleset>
        <otriple>1036_Ganymed | temperature | "160.0"^^xsd:double</otriple>
      </originaltripleset>
      <modifiedtripleset>
        <mtriple>1036_Ganymed | temperature | 160.0 (kelvins)</mtriple>
      </modifiedtripleset>
      <lex comment="good" lid="Id1">1036 Ganymed has a temperature of 160.0 kelvins.</lex>
      <lex comment="good" lid="Id2">The celestial body known as 1036 Ganymed has a temperature of 160 kelvins.</lex>
      <lex comment="good" lid="Id3">The temperature of 1036 Ganymed is 160 kelvins.</lex>
    </entry>
    <entry category="CelestialBody" eid="Id9" shape="(X (X))" shape_type="NA" size="1">
      <originaltripleset>
        <otriple>107_Camilla | discoverer | F._Vilas</otriple>
      </originaltripleset>
      <modifiedtripleset>
        <mtriple>107_Camilla | discoverer | F._Vilas</mtriple>
      </modifiedtripleset>
      <lex comment="good" lid="Id1">107 Camilla was discovered by F. Vilas.</lex>
      <lex comment="good" lid="Id2">F Vilas discovered 107 Camilla.</lex>
    </entry>
    <entry category="CelestialBody" eid="Id10" shape="(X (X))" shape_type="NA" size="1">
      <originaltripleset>
        <otriple>107_Camilla | discoverer | N._R._Pogson</otriple>
      </originaltripleset>
      <modifiedtripleset>
        <mtriple>107_Camilla | discoverer | N._R._Pogson</mtriple>
      </modifiedtripleset>
      <lex comment="good" lid="Id1">107 Camilla was discovered by N.R. Pogson.</lex>
      <lex comment="good" lid="Id2">N.R. Pogson was the discoverer of 107 Camilla.</lex>
    </entry>
    <entry category="CelestialBody" eid="Id11" shape="(X (X))" shape_type="NA" size="1">
      <originaltripleset>
        <otriple>1089_Tama | escapeVelocity | "24.48"^^xsd:double</otriple>
      </originaltripleset>
      <modifiedtripleset>
        <mtriple>1089_Tama | escapeVelocity | 0.0068 (kilometrePerSeconds)</mtriple>
      </modifiedtripleset>
      <lex comment="good" lid="Id1">1089 Tama has an escape velocity of 0.0068 kilometres per second.</lex>
      <lex comment="good" lid="Id2">The escape velocity of 1089 Tama is 0.0068 km/sec.</lex>
    </entry>
    <entry category="CelestialBody" eid="Id12" shape="(X (X))" shape_type="NA" size="1">
      <originaltripleset>
        <otriple>1097_Vicia | rotationPeriod | "95040.0"^^xsd:double</otriple>
      </originaltripleset>
      <modifiedtripleset>
        <mtriple>1097_Vicia | rotationPeriod | 95040.0</mtriple>
      </modifiedtripleset>
      <lex comment="good" lid="Id1">The rotation period of 1097 Vicia is 95040.0.</lex>
      <lex comment="good" lid="Id2">1097 Vicia has a rotation period of 95040.0.</lex>
      <lex comment="good" lid="Id3">The rotation period of 1097 Vicia is 95040.</lex>
    </entry>
    <entry category="CelestialBody" eid="Id13" shape="(X (X))" shape_type="NA" size="1">
      <originaltripleset>
        <otriple>1099_Figneria | escapeVelocity | "55.8"^^xsd:double</otriple>
      </originaltripleset>
      <modifiedtripleset>
        <mtriple>1099_Figneria | escapeVelocity | 0.0155 (kilometrePerSeconds)</mtriple>
      </modifiedtripleset>
      <lex comment="good" lid="Id1">1099 Figneria has an escape velocity of 0.0155 kilometres per second.</lex>
      <lex comment="good" lid="Id2">0.0155 km per second is the escape velocity of 1099 Figneria.</lex>
      <lex comment="good" lid="Id3">0.0155 kilometer per second is the escape velocity of 1099 Figneria.</lex>
    </entry>
    <entry category="CelestialBody" eid="Id14" shape="(X (X))" shape_type="NA" size="1">
      <originaltripleset>
        <otriple>1099_Figneria | Planet/mass | "2.7"^^&lt;http://dbpedia.org/datatype/kilogram&gt;</otriple>
      </originaltripleset>
      <originaltripleset>
        <otriple>1099_Figneria | mass | "2700.0"^^xsd:double</otriple>
      </originaltripleset>
      <modifiedtripleset>
        <mtriple>1099_Figneria | mass | 2.7 (kilograms)</mtriple>
      </modifiedtripleset>
      <lex comment="good" lid="Id1">1099 Figneria has a mass of 2.7 kilograms.</lex>
      <lex comment="good" lid="Id2">The mass of 1099 Figneria is 2.7 kg.</lex>
      <lex comment="good" lid="Id3">1099 Figneria has a mass of 2.7kg.</lex>
    </entry>
    <entry category="CelestialBody" eid="Id15" shape="(X (X))" shape_type="NA" size="1">
      <originaltripleset>
        <otriple>109_Felicitas | periapsis | 2.83326e+11</otriple>
      </originaltripleset>
      <modifiedtripleset>
        <mtriple>109_Felicitas | periapsis | 283326000000.0</mtriple>
      </modifiedtripleset>
      <lex comment="good" lid="Id1">109 Felicitas has a periapsis of 283326000000.0.</lex>
      <lex comment="good" lid="Id2">The periapsis of 109 Felicitas is 283326000000.0.</lex>
    </entry>
    <entry category="CelestialBody" eid="Id16" shape="(X (X))" shape_type="NA" size="1">
      <originaltripleset>
        <otriple>109_Felicitas | Planet/temperature | "170.0"^^&lt;http://dbpedia.org/datatype/kelvin&gt;</otriple>
      </originaltripleset>
      <originaltripleset>
        <otriple>109_Felicitas | temperature | "170.0"^^xsd:double</otriple>
      </originaltripleset>
      <modifiedtripleset>
        <mtriple>109_Felicitas | temperature | 170.0 (kelvins)</mtriple>
      </modifiedtripleset>
      <lex comment="good" lid="Id1">109 Felicitas has a temperature of 170 kelvins.</lex>
      <lex comment="good" lid="Id2">The celestial body known as 109 Felicitas has a temperature of 170 kelvins.</lex>
      <lex comment="good" lid="Id3">The temperature of the asteroid called 109 Felicitas is 170.0 kelvins.</lex>
    </entry>
    <entry category="CelestialBody" eid="Id17" shape="(X (X))" shape_type="NA" size="1">
      <originaltripleset>
        <otriple>10_Hygiea | Planet/orbitalPeriod | "5.57"^^&lt;http://dbpedia.org/datatype/day&gt;</otriple>
      </originaltripleset>
      <originaltripleset>
        <otriple>10_Hygiea | orbitalPeriod | "481248.0"^^xsd:double</otriple>
      </originaltripleset>
      <modifiedtripleset>
        <mtriple>10_Hygiea | orbitalPeriod | 5.57 (days)</mtriple>
      </modifiedtripleset>
      <lex comment="good" lid="Id1">10 Hygiea has an orbital period of 5.57 days.</lex>
      <lex comment="good" lid="Id2">5.57 days is the orbital period for 10 Hygiea.</lex>
      <lex comment="good" lid="Id3">10 Hygiea takes 5.57 days to orbit.</lex>
    </entry>
    <entry category="CelestialBody" eid="Id18" shape="(X (X))" shape_type="NA" size="1">
      <originaltripleset>
        <otriple>1101_Clematis | periapsis | 4.45895e+11</otriple>
      </originaltripleset>
      <modifiedtripleset>
        <mtriple>1101_Clematis | periapsis | 445895000000.0</mtriple>
      </modifiedtripleset>
      <lex comment="good" lid="Id1">The periapsis of 1101 Clematis is 445895000000.0.</lex>
      <lex comment="good" lid="Id2">1101 Clematis has a periapsis of 445895000000.0.</lex>
      <lex comment="good" lid="Id3">1101 Clematis has a periapsis of 445895000000.</lex>
    </entry>
    <entry category="CelestialBody" eid="Id19" shape="(X (X))" shape_type="NA" size="1">
      <originaltripleset>
        <otriple>110_Lydia | epoch | "2006-12-31"^^xsd:date</otriple>
      </originaltripleset>
      <modifiedtripleset>
        <mtriple>110_Lydia | epoch | 2006-12-31</mtriple>
      </modifiedtripleset>
      <lex comment="good" lid="Id1">110 Lydia has an epoch date of December 31st 2006.</lex>
      <lex comment="good" lid="Id2">31 December 2006 is the epoch of 110 Lydia.</lex>
      <lex comment="good" lid="Id3">110 Lydia's epoch is 31st December 2006.</lex>
    </entry>
    <entry category="CelestialBody" eid="Id20" shape="(X (X))" shape_type="NA" size="1">
      <originaltripleset>
        <otriple>110_Lydia | periapsis | 3.77016e+11</otriple>
      </originaltripleset>
      <modifiedtripleset>
        <mtriple>110_Lydia | periapsis | 377016000000.0</mtriple>
      </modifiedtripleset>
      <lex comment="good" lid="Id1">110 Lydia has a periapsis measurement of 377016000000.0.</lex>
      <lex comment="good" lid="Id2">110 Lydia has a periapsis of 377016000000.0.</lex>
      <lex comment="good" lid="Id3">The periapsis of 110 Lydia is 377016000000.0.</lex>
    </entry>
    <entry category="CelestialBody" eid="Id21" shape="(X (X))" shape_type="NA" size="1">
      <originaltripleset>
        <otriple>N._R._Pogson | nationality | England</otriple>
      </originaltripleset>
      <modifiedtripleset>
        <mtriple>N._R._Pogson | nationality | England</mtriple>
      </modifiedtripleset>
      <lex comment="good" lid="Id1">N. R. Pogson was English.</lex>
      <lex comment="good" lid="Id2">N. R. Pogson is British.</lex>
      <lex comment="good" lid="Id3">N.R. Pogson was an English national.</lex>
    </entry>
  </entries>
</benchmark>
