<?xml version='1.0' encoding='utf-8'?>
<benchmark>
  <entries>
    <entry category="Astronaut" eid="Id1" shape="(X (X))" shape_type="NA" size="1">
      <originaltripleset>
        <otriple>Alan_Bean | nationality | United_States</otriple>
      </originaltripleset>
      <modifiedtripleset>
        <mtriple>Alan_Bean | nationality | United_States</mtriple>
      </modifiedtripleset>
      <lex comment="good" lid="Id1">The nationality of Alan Bean is United States.</lex>
      <lex comment="good" lid="Id2">Alan Bean's nationality is the United States.</lex>
      <lex comment="good" lid="Id3">Alan Bean is American.</lex>
      <lex comment="good" lid="Id4">Alan Bean was American.</lex>
      <lex comment="good" lid="Id5">Alan Bean is a US national.</lex>
    </entry>
    <entry category="Astronaut" eid="Id3" shape="(X (X))" shape_type="NA" size="1">
      <originaltripleset>
        <otriple>Buzz_Aldrin | almaMater | "Massachusetts Institute of Technology, Sc.D. 1963"@en</otriple>
      </originaltripleset>
      <modifiedtripleset>
        <mtriple>Buzz_Aldrin | almaMater | "Massachusetts Institute of Technology, Sc.D. 1963"</mtriple>
      </modifiedtripleset>
      <lex comment="good" lid="Id1">Buzz Aldrin graduated from Massachusetts Institute of Technology with a Sc.D in 1963.</lex>
      <lex comment="good" lid="Id2">Buzz Aldrin graduated in 1963 from MIT with a Sc.D.</lex>
      <lex comment="good" lid="Id3">Buzz Aldrin graduated from MIT with a Sc. D in 1963.</lex>
      <lex comment="good" lid="Id4">Buzz Aldrin graduated from Massachusetts Institute of Technology, Sc.D. 1963.</lex>
      <lex comment="good" lid="Id5">Buzz Aldrin graduated from Massachusetts Institute of Technology in 1963 with a doctorate in Science.</lex>
    </entry>
    <entry category="Astronaut" eid="Id5" shape="(X (X))" shape_type="NA" size="1">
      <originaltripleset>
        <otriple>Buzz_Aldrin | selection | 1963</otriple>
      </originaltripleset>
      <modifiedtripleset>
        <mtriple>Buzz_Aldrin | was selected by NASA | 1963</mtriple>
      </modifiedtripleset>
      <lex comment="good" lid="Id1">NASA selected Buzz Aldrin in 1963.</lex>
      <lex comment="good" lid="Id2">Buzz Aldrin was selected by NASA in 1963.</lex>
      <lex comment="good" lid="Id3">Buzz Aldrin was selected to work for NASA in 1963.</lex>
      <lex comment="good" lid="Id4">Buzz Aldrin was hired by NASA in 1963.</lex>
    </entry>
    <entry category="Astronaut" eid="Id6" shape="(X (X))" shape_type="NA" size="1">
      <originaltripleset>
        <otriple>California | gemstone | Benitoite</otriple>
      </originaltripleset>
      <modifiedtripleset>
        <mtriple>California | gemstone | Benitoite</mtriple>
      </modifiedtripleset>
      <lex comment="good" lid="Id1">The gemstone of California is Benitoite.</lex>
      <lex comment="good" lid="Id2">California has a gemstone called Benitoite.</lex>
      <lex comment="good" lid="Id3">Benitoite is a gemstone from California.</lex>
      <lex comment="good" lid="Id4">Benitoite is a gemstone found in California.</lex>
    </entry>
    <entry category="Astronaut" eid="Id7" shape="(X (X))" shape_type="NA" size="1">
      <originaltripleset>
        <otriple>Elliot_See | deathDate | "1966-02-28"^^xsd:date</otriple>
      </originaltripleset>
      <modifiedtripleset>
        <mtriple>Elliot_See | deathDate | "1966-02-28"</mtriple>
      </modifiedtripleset>
      <lex comment="good" lid="Id1">Elliot See died on 28 February, 1966.</lex>
      <lex comment="good" lid="Id2">Elliot See died on the 28th of February 1966.</lex>
      <lex comment="good" lid="Id3">Elliot See died on February 28, 1966.</lex>
      <lex comment="good" lid="Id4">Elliot See died in 1966-02-28.</lex>
      <lex comment="good" lid="Id5">Elliot See lived until the 28th of February 1966.</lex>
      <lex comment="good" lid="Id6">Elliot See died on February 28,1966.</lex>
    </entry>
    <entry category="Astronaut" eid="Id8" shape="(X (X))" shape_type="NA" size="1">
      <originaltripleset>
        <otriple>Elliot_See | deathPlace | St._Louis</otriple>
      </originaltripleset>
      <modifiedtripleset>
        <mtriple>Elliot_See | deathPlace | St._Louis</mtriple>
      </modifiedtripleset>
      <lex comment="good" lid="Id1">Elliot See died in St. Louis.</lex>
      <lex comment="good" lid="Id2">Elliot See died in St Louis.</lex>
    </entry>
    <entry category="Astronaut" eid="Id9" shape="(X (X))" shape_type="NA" size="1">
      <originaltripleset>
        <otriple>Elliot_See | status | "Deceased"@en</otriple>
      </originaltripleset>
      <modifiedtripleset>
        <mtriple>Elliot_See | status | "Deceased"</mtriple>
      </modifiedtripleset>
      <lex comment="good" lid="Id1">Elliot See is dead.</lex>
      <lex comment="good" lid="Id2">Elliot See has died.</lex>
      <lex comment="good" lid="Id3">Elliot See is deceased.</lex>
    </entry>
    <entry category="Astronaut" eid="Id1" shape="(X (X))" shape_type="NA" size="1">
      <originaltripleset>
        <otriple>Alan_Bean | almaMater | "UT Austin, B.S. 1955"@en</otriple>
      </originaltripleset>
      <modifiedtripleset>
        <mtriple>Alan_Bean | almaMater | "UT Austin, B.S. 1955"</mtriple>
      </modifiedtripleset>
      <lex comment="good" lid="Id1">The alma mater of Alan Bean is UT Austin. He graduated from it with a B.S. in 1955.</lex>
      <lex comment="good" lid="Id2">Alan Bean graduated in 1955 from UT Austin with a B.S.</lex>
      <lex comment="good" lid="Id3">Alan Bean graduated from UT Austin in 1955 with a B.S.</lex>
      <lex comment="good" lid="Id4">Alan Bean graduated from UT Austin in 1955 with a Bachelor of Science degree.</lex>
      <lex comment="good" lid="Id5">Alan Bean received a Bachelor of Science degree at the University of Texas at Austin in 1955.</lex>
    </entry>
    <entry category="Astronaut" eid="Id2" shape="(X (X))" shape_type="NA" size="1">
      <originaltripleset>
        <otriple>Alan_Bean | birthDate | "1932-03-15"^^xsd:date</otriple>
      </originaltripleset>
      <modifiedtripleset>
        <mtriple>Alan_Bean | birthDate | "1932-03-15"</mtriple>
      </modifiedtripleset>
      <lex comment="good" lid="Id1">Alan Bean was born on the 15th of March 1932.</lex>
      <lex comment="good" lid="Id2">Alan Bean was born on Mar 15, 1932.</lex>
      <lex comment="good" lid="Id3">Alan Bean was born on March 15, 1932.</lex>
    </entry>
    <entry category="Astronaut" eid="Id3" shape="(X (X))" shape_type="NA" size="1">
      <originaltripleset>
        <otriple>Alan_Bean | birthName | "Alan LaVern Bean"@en</otriple>
      </originaltripleset>
      <modifiedtripleset>
        <mtriple>Alan_Bean | birthName | "Alan LaVern Bean"</mtriple>
      </modifiedtripleset>
      <lex comment="good" lid="Id1">Alan Bean's full name was "Alan LaVern Bean".</lex>
      <lex comment="good" lid="Id2">Alan Bean was born Alan LaVern Bean.</lex>
      <lex comment="good" lid="Id3">Alan Bean's birth name was Alan LaVern Bean.</lex>
      <lex comment="good" lid="Id4">Alan Bean's birth name is Alan LaVern Bean.</lex>
    </entry>
    <entry category="Astronaut" eid="Id4" shape="(X (X))" shape_type="NA" size="1">
      <originaltripleset>
        <otriple>Alan_Bean | birthPlace | Wheeler,_Texas</otriple>
      </originaltripleset>
      <modifiedtripleset>
        <mtriple>Alan_Bean | birthPlace | Wheeler,_Texas</mtriple>
      </modifiedtripleset>
      <lex comment="good" lid="Id1">Alan Bean was born in Wheeler, Texas.</lex>
      <lex comment="good" lid="Id2">Alan Bean's birthplace is Wheeler, Texas.</lex>
    </entry>
    <entry category="Astronaut" eid="Id5" shape="(X (X))" shape_type="NA" size="1">
      <originaltripleset>
        <otriple>Alan_Bean | dateOfRet | "June 1981"@en</otriple>
      </originaltripleset>
      <modifiedtripleset>
        <mtriple>Alan_Bean | dateOfRetirement | "June 1981"</mtriple>
      </modifiedtripleset>
      <lex comment="good" lid="Id1">Alan Bean retired on June 1981.</lex>
      <lex comment="good" lid="Id2">Alan Bean retired in June of 1981.</lex>
      <lex comment="good" lid="Id3">Alan Bean retired in June 1981.</lex>
      <lex comment="good" lid="Id4">Alan Bean's retirement was in June 1981.</lex>
      <lex comment="good" lid="Id5">Alan Bean retired in June, 1981.</lex>
    </entry>
    <entry category="Astronaut" eid="Id6" shape="(X (X))" shape_type="NA" size="1">
      <originaltripleset>
        <otriple>Alan_Bean | occupation | Test_pilot</otriple>
      </originaltripleset>
      <modifiedtripleset>
        <mtriple>Alan_Bean | occupation | Test_pilot</mtriple>
      </modifiedtripleset>
      <lex comment="good" lid="Id1">Alan Bean was a test pilot.</lex>
      <lex comment="good" lid="Id2">Alan Bean served as a test pilot.</lex>
      <lex comment="good" lid="Id3">Alan Bean performed as a test pilot.</lex>
      <lex comment="good" lid="Id4">Alan Bean performs as a test pilot.</lex>
    </entry>
    <entry category="Astronaut" eid="Id7" shape="(X (X))" shape_type="NA" size="1">
      <originaltripleset>
        <otriple>Alan_Bean | status | "Retired"@en</otriple>
      </originaltripleset>
      <modifiedtripleset>
        <mtriple>Alan_Bean | status | "Retired"</mtriple>
      </modifiedtripleset>
      <lex comment="good" lid="Id1">Alan Bean is retired.</lex>
      <lex comment="good" lid="Id2">Alan Bean has retired.</lex>
      <lex comment="good" lid="Id3">Alan Bean is now retired.</lex>
    </entry>
    <entry category="Astronaut" eid="Id8" shape="(X (X))" shape_type="NA" size="1">
      <originaltripleset>
        <otriple>Alan_Bean | timeInSpace | "100305.0"^^&lt;http://dbpedia.org/datatype/minute&gt;</otriple>
      </originaltripleset>
      <modifiedtripleset>
        <mtriple>Alan_Bean | timeInSpace | "100305.0"(minutes)</mtriple>
      </modifiedtripleset>
      <lex comment="good" lid="Id1">Alan Bean spent 100305.0 minutes in Space.</lex>
      <lex comment="good" lid="Id2">Alan Bean spent 100305 minutes in space.</lex>
      <lex comment="good" lid="Id3">100305.0 minutes is the time Alan Bean spent in Space.</lex>
      <lex comment="good" lid="Id4">Alan Bean was in space 100305 minutes.</lex>
      <lex comment="good" lid="Id5">Alan Bean spent over 69 days in space, 100305 minutes to be exact!</lex>
      <lex comment="good" lid="Id6">Alan Bean's time in space was 100305.0 minutes.</lex>
      <lex comment="good" lid="Id7">Alan Bean spend a total of 100305 minutes in space.</lex>
    </entry>
    <entry category="Astronaut" eid="Id72" shape="(X (X))" shape_type="NA" size="1">
      <originaltripleset>
        <otriple>William_Anders | selection | 1963</otriple>
      </originaltripleset>
      <modifiedtripleset>
        <mtriple>William_Anders | was selected by NASA | 1963</mtriple>
      </modifiedtripleset>
      <lex comment="good" lid="Id1">William Anders was selected by NASA in 1963.</lex>
      <lex comment="good" lid="Id2">William Anders joined NASA in 1963.</lex>
      <lex comment="good" lid="Id3">William Anders was chosen by NASA in 1963.</lex>
    </entry>
    <entry category="Astronaut" eid="Id1" shape="(X (X))" shape_type="NA" size="1">
      <originaltripleset>
        <otriple>Alan_Shepard | awards | Distinguished_Service_Medal_(United_States_Navy)</otriple>
      </originaltripleset>
      <modifiedtripleset>
        <mtriple>Alan_Shepard | awards | Distinguished_Service_Medal_(United_States_Navy)</mtriple>
      </modifiedtripleset>
      <lex comment="good" lid="Id1">The United States Navy awarded the Distinguished Service Medal to Alan Shepard.</lex>
      <lex comment="good" lid="Id2">Alan Shepard was awarded the Distinguished Service Medal by the United States Navy.</lex>
      <lex comment="good" lid="Id3">Alan Shepard was awarded the Distinguished Service Medal in the United States Navy.</lex>
      <lex comment="good" lid="Id4">Alan Shepard was awarded the Distinguished Service Medal by the US Navy.</lex>
      <lex comment="good" lid="Id5">Alan Shepard was awarded the United States Navy Distinguished Service Medal.</lex>
    </entry>
    <entry category="Astronaut" eid="Id2" shape="(X (X))" shape_type="NA" size="1">
      <originaltripleset>
        <otriple>Alan_Shepard | deathPlace | California</otriple>
      </originaltripleset>
      <modifiedtripleset>
        <mtriple>Alan_Shepard | deathPlace | California</mtriple>
      </modifiedtripleset>
      <lex comment="good" lid="Id1">Alan Shepard died in California.</lex>
    </entry>
    <entry category="Astronaut" eid="Id3" shape="(X (X))" shape_type="NA" size="1">
      <originaltripleset>
        <otriple>Apollo_11 | crew2Up | William_Anders</otriple>
      </originaltripleset>
      <modifiedtripleset>
        <mtriple>Apollo_11 | backup pilot | William_Anders</mtriple>
      </modifiedtripleset>
      <lex comment="good" lid="Id1">William Anders was the backup pilot on Apollo 11.</lex>
      <lex comment="good" lid="Id2">William Anders was a backup pilot on the Apollo 11 mission.</lex>
      <lex comment="good" lid="Id3">Apollo 11's backup pilot was William Anders.</lex>
    </entry>
    <entry category="Astronaut" eid="Id4" shape="(X (X))" shape_type="NA" size="1">
      <originaltripleset>
        <otriple>Apollo_14 | operator | NASA</otriple>
      </originaltripleset>
      <modifiedtripleset>
        <mtriple>Apollo_14 | operator | NASA</mtriple>
      </modifiedtripleset>
      <lex comment="good" lid="Id1">The Apollo 14 was operated by NASA.</lex>
      <lex comment="good" lid="Id2">NASA operated the Apollo 14.</lex>
      <lex comment="good" lid="Id3">Apollo 14 was operated by NASA.</lex>
    </entry>
    <entry category="Astronaut" eid="Id5" shape="(X (X))" shape_type="NA" size="1">
      <originaltripleset>
        <otriple>Apollo_8 | operator | NASA</otriple>
      </originaltripleset>
      <modifiedtripleset>
        <mtriple>Apollo_8 | operator | NASA</mtriple>
      </modifiedtripleset>
      <lex comment="good" lid="Id1">The Apollo 8 operator is NASA.</lex>
      <lex comment="good" lid="Id2">Apollo 8 is operated by Nasa.</lex>
      <lex comment="good" lid="Id3">Apollo 8 was operated by NASA.</lex>
    </entry>
    <entry category="Astronaut" eid="Id6" shape="(X (X))" shape_type="NA" size="1">
      <originaltripleset>
        <otriple>Buzz_Aldrin | nationality | United_States</otriple>
      </originaltripleset>
      <modifiedtripleset>
        <mtriple>Buzz_Aldrin | nationality | United_States</mtriple>
      </modifiedtripleset>
      <lex comment="good" lid="Id1">Buzz Aldrin's nationality is United States.</lex>
      <lex comment="good" lid="Id2">Buzz Aldrin was a United States national.</lex>
      <lex comment="good" lid="Id3">Buzz Aldrin was an American.</lex>
      <lex comment="good" lid="Id4">Buzz Aldrin is a US national.</lex>
    </entry>
    <entry category="Astronaut" eid="Id7" shape="(X (X))" shape_type="NA" size="1">
      <originaltripleset>
        <otriple>Elliot_See | occupation | Test_pilot</otriple>
      </originaltripleset>
      <modifiedtripleset>
        <mtriple>Elliot_See | occupation | Test_pilot</mtriple>
      </modifiedtripleset>
      <lex comment="good" lid="Id1">Elliot See was a test pilot.</lex>
      <lex comment="good" lid="Id2">Elliot See served as a test pilot.</lex>
      <lex comment="good" lid="Id3">Elliot See flew as a test pilot.</lex>
      <lex comment="good" lid="Id4">Elliot See's occupation was a test pilot.</lex>
      <lex comment="good" lid="Id5">Elliot See performed as a test pilot.</lex>
    </entry>
    <entry category="Astronaut" eid="Id8" shape="(X (X))" shape_type="NA" size="1">
      <originaltripleset>
        <otriple>University_of_Texas_at_Austin | affiliations | University_of_Texas_System</otriple>
      </originaltripleset>
      <modifiedtripleset>
        <mtriple>University_of_Texas_at_Austin | affiliations | University_of_Texas_System</mtriple>
      </modifiedtripleset>
      <lex comment="good" lid="Id1">The university of Texas at Austin is affiliated to the university of Texas System.</lex>
    </entry>
    <entry category="Astronaut" eid="Id9" shape="(X (X))" shape_type="NA" size="1">
      <originaltripleset>
        <otriple>University_of_Texas_at_Austin | mascot | Hook_'em_(mascot)</otriple>
      </originaltripleset>
      <modifiedtripleset>
        <mtriple>University_of_Texas_at_Austin | mascot | Hook_'em_(mascot)</mtriple>
      </modifiedtripleset>
      <lex comment="good" lid="Id1">The University of Texas at Austin's mascot is called Hook'em.</lex>
      <lex comment="good" lid="Id2">Hook'em is the mascot for the University of Texas at Austin.</lex>
      <lex comment="good" lid="Id3">The mascot of the University of Texas at Austin is Hook'em.</lex>
      <lex comment="good" lid="Id4">The Hook 'em is the mascot of University of Texas at Austin.</lex>
    </entry>
  </entries>
</benchmark>
