<?xml version='1.0' encoding='utf-8'?>
<benchmark>
  <entries>
    <entry category="Astronaut" eid="Id1" shape="(X (X) (X))" shape_type="sibling" size="2">
      <originaltripleset>
        <otriple>Alan_Bean | birthDate | "1932-03-15"</otriple>
        <otriple>Alan_Bean | status | "Retired"</otriple>
      </originaltripleset>
      <modifiedtripleset>
        <mtriple>Alan_Bean | birthDate | "1932-03-15"</mtriple>
        <mtriple>Alan_Bean | status | "Retired"</mtriple>
      </modifiedtripleset>
      <lex comment="good" lid="Id1">Alan Bean, who is now retired, was born on March 15th, 1932.</lex>
      <lex comment="good" lid="Id2">Born on March 15, 1932, Alan Bean has now retired.</lex>
      <lex comment="good" lid="Id3">Alan Bean, who has since retired, was born on May 15th, 1932.</lex>
      <lex comment="good" lid="Id4">Alan Bean was born on the 15th of March of 1932. He is currently retired.</lex>
    </entry>
    <entry category="Astronaut" eid="Id2" shape="(X (X) (X))" shape_type="sibling" size="2">
      <originaltripleset>
        <otriple>Alan_Shepard | status | "Deceased"</otriple>
        <otriple>Alan_Shepard | occupation | Test_pilot</otriple>
      </originaltripleset>
      <modifiedtripleset>
        <mtriple>Alan_Shepard | status | "Deceased"</mtriple>
        <mtriple>Alan_Shepard | occupation | Test_pilot</mtriple>
      </modifiedtripleset>
      <lex comment="good" lid="Id1">Former test pilot Alan Shepard has died.</lex>
      <lex comment="good" lid="Id2">Test pilot Alan Shepard has died.</lex>
      <lex comment="good" lid="Id3">Alan Shepard was a test pilot who has since passed away.</lex>
    </entry>
    <entry category="Astronaut" eid="Id3" shape="(X (X) (X))" shape_type="sibling" size="2">
      <originaltripleset>
        <otriple>Buzz_Aldrin | birthPlace | Glen_Ridge,_New_Jersey</otriple>
        <otriple>Buzz_Aldrin | birthDate | "1930-01-20"</otriple>
      </originaltripleset>
      <modifiedtripleset>
        <mtriple>Buzz_Aldrin | birthPlace | Glen_Ridge,_New_Jersey</mtriple>
        <mtriple>Buzz_Aldrin | birthDate | "1930-01-20"</mtriple>
      </modifiedtripleset>
      <lex comment="good" lid="Id1">Buzz Aldrin was born on the 20th January, 1030 in Glen Ridge, New Jersey.</lex>
      <lex comment="good" lid="Id2">Buzz Aldrin was born in Glen Ridge, New Jersey on January 20, 1930.</lex>
      <lex comment="good" lid="Id3">Buzz Aldrin was born on the 20th of January 1930, in Glen Ridge New Jersey.</lex>
      <lex comment="good" lid="Id4">Buzz Aldrin was born on January 20th, 1930 in the community of Glen Ridge, New Jersey.</lex>
      <lex comment="good" lid="Id5">Buzz Aldrin was born on 1930-01-20 in Glen Ridge New Jersey.</lex>
      <lex comment="good" lid="Id6">Buzz Aldrin was born on 1930-01-20 in Glen Ridge, New Jersey.</lex>
      <lex comment="good" lid="Id7">Buzz Aldrin was born on 1930-01-20, in Glen Ridge, New Jersey.</lex>
    </entry>
    <entry category="Astronaut" eid="Id4" shape="(X (X (X)))" shape_type="chain" size="2">
      <originaltripleset>
        <otriple>Buzz_Aldrin | birthPlace | Glen_Ridge,_New_Jersey</otriple>
        <otriple>Glen_Ridge,_New_Jersey | isPartOf | Essex_County,_New_Jersey</otriple>
      </originaltripleset>
      <modifiedtripleset>
        <mtriple>Buzz_Aldrin | birthPlace | Glen_Ridge,_New_Jersey</mtriple>
        <mtriple>Glen_Ridge,_New_Jersey | isPartOf | Essex_County,_New_Jersey</mtriple>
      </modifiedtripleset>
      <lex comment="good" lid="Id1">Buzz Aldrin was born in Glen Ridge, located in the Essex County in New Jersey.</lex>
      <lex comment="good" lid="Id2">Buzz Aldrin was born in Essex County, at Glen Ridge New Jersey.</lex>
    </entry>
    <entry category="Astronaut" eid="Id5" shape="(X (X) (X))" shape_type="sibling" size="2">
      <originaltripleset>
        <otriple>William_Anders | birthPlace | British_Hong_Kong</otriple>
        <otriple>William_Anders | mission | Apollo_8</otriple>
      </originaltripleset>
      <modifiedtripleset>
        <mtriple>William_Anders | birthPlace | British_Hong_Kong</mtriple>
        <mtriple>William_Anders | was a crew member of | Apollo_8</mtriple>
      </modifiedtripleset>
      <lex comment="good" lid="Id1">The Apollo 8 crew included the British Hong Kong-born William Anders.</lex>
      <lex comment="good" lid="Id2">William Anders was a member of the Apollo 8 crew and was born in British Hong Kong.</lex>
      <lex comment="good" lid="Id3">William Anders was a crew member on Apollo 8 and was born in British Hong Kong.</lex>
      <lex comment="good" lid="Id4">William Anders (born in British Hong Kong) was a crew member of Apollo 8.</lex>
    </entry>
    <entry category="Astronaut" eid="Id6" shape="(X (X) (X))" shape_type="sibling" size="2">
      <originaltripleset>
        <otriple>William_Anders | status | "Retired"</otriple>
        <otriple>William_Anders | almaMater | "AFIT, M.S. 1962"</otriple>
      </originaltripleset>
      <modifiedtripleset>
        <mtriple>William_Anders | status | "Retired"</mtriple>
        <mtriple>William_Anders | almaMater | "AFIT, M.S. 1962"</mtriple>
      </modifiedtripleset>
      <lex comment="good" lid="Id1">William Anders graduated, with an M.S., from AFIT in 1962, and is now retired.</lex>
      <lex comment="good" lid="Id2">William Anders, who received an M.S from his alma mater, AFIT, in 1962, is retired.</lex>
      <lex comment="good" lid="Id3">William Anders has since retired, but in 1962 he received an M.S. from his alma mater, AFIT.</lex>
    </entry>
    <entry category="Astronaut" eid="Id1" shape="(X (X) (X))" shape_type="sibling" size="2">
      <originaltripleset>
        <otriple>Alan_Bean | birthDate | "1932-03-15"</otriple>
        <otriple>Alan_Bean | almaMater | "UT Austin, B.S. 1955"</otriple>
      </originaltripleset>
      <modifiedtripleset>
        <mtriple>Alan_Bean | birthDate | "1932-03-15"</mtriple>
        <mtriple>Alan_Bean | almaMater | "UT Austin, B.S. 1955"</mtriple>
      </modifiedtripleset>
      <lex comment="good" lid="Id1">Alan Bean was born on March 15, 1932 and received a Bachelor of Science degree at the University of Texas at Austin in 1955.</lex>
      <lex comment="good" lid="Id2">Alan Bean was born on the 15th of March 1932 and graduated from UT Austin in 1955 with a B.S.</lex>
      <lex comment="good" lid="Id3">Alan Bean was born on the 15th of March 1932 and his Alma Mater is UT Austin, B.S. 1955.</lex>
      <lex comment="good" lid="Id4">Alan Bean (born 1932-03-15)'s alma mater was UT Austin B.S. 1955.</lex>
      <lex comment="good" lid="Id5">Alan Bean (born on 1932-03-15) graduated from UT Austin in 1955 with a B.Sc. degree.</lex>
      <lex comment="good" lid="Id6">Alan Bean was born on March 15, 1932 and his alma mater was UT Austin BS, in 1955.</lex>
    </entry>
    <entry category="Astronaut" eid="Id2" shape="(X (X) (X))" shape_type="sibling" size="2">
      <originaltripleset>
        <otriple>Alan_Bean | birthDate | "1932-03-15"</otriple>
        <otriple>Alan_Bean | birthPlace | Wheeler,_Texas</otriple>
      </originaltripleset>
      <modifiedtripleset>
        <mtriple>Alan_Bean | birthDate | "1932-03-15"</mtriple>
        <mtriple>Alan_Bean | birthPlace | Wheeler,_Texas</mtriple>
      </modifiedtripleset>
      <lex comment="good" lid="Id1">Alan Bean was born in Wheeler, Texas on Mar 15, 1932 .</lex>
      <lex comment="good" lid="Id2">Alan Bean was born on Mar 15, 1932, in Wheeler, Texas.</lex>
      <lex comment="good" lid="Id3">Alan Bean was born in Wheeler, Texas on March 15th, 1932.</lex>
    </entry>
    <entry category="Astronaut" eid="Id3" shape="(X (X) (X))" shape_type="sibling" size="2">
      <originaltripleset>
        <otriple>Alan_Bean | nationality | United_States</otriple>
        <otriple>Alan_Bean | birthPlace | Wheeler,_Texas</otriple>
      </originaltripleset>
      <modifiedtripleset>
        <mtriple>Alan_Bean | nationality | United_States</mtriple>
        <mtriple>Alan_Bean | birthPlace | Wheeler,_Texas</mtriple>
      </modifiedtripleset>
      <lex comment="good" lid="Id1">American Alan Bean was born in Wheeler Texas.</lex>
      <lex comment="good" lid="Id2">Alan Bean was an American, who was born in Wheeler, Texas.</lex>
      <lex comment="good" lid="Id3">Alan Bean is an American who was born in Wheeler, Texas.</lex>
      <lex comment="good" lid="Id4">Alan Bean was born in Wheeler, Texas, United States.</lex>
      <lex comment="good" lid="Id5">Alan Bean was born in Wheeler, Texas and is a citizen of the United States.</lex>
      <lex comment="good" lid="Id6">Alan Bean is an American, born in Wheeler, Texas.</lex>
    </entry>
    <entry category="Astronaut" eid="Id6" shape="(X (X) (X))" shape_type="sibling" size="2">
      <originaltripleset>
        <otriple>Alan_Bean | mission | Apollo_12</otriple>
        <otriple>Alan_Bean | dateOfRet | "June 1981"</otriple>
      </originaltripleset>
      <modifiedtripleset>
        <mtriple>Alan_Bean | was a crew member of | Apollo_12</mtriple>
        <mtriple>Alan_Bean | dateOfRetirement | "June 1981"</mtriple>
      </modifiedtripleset>
      <lex comment="good" lid="Id1">Astronaut Alan Bean, who was part of the Apollo 12 crew, retired in June 1981.</lex>
      <lex comment="good" lid="Id2">Before he retired in June 1981, Alan Bean was a member of Apollo 12.</lex>
      <lex comment="good" lid="Id3">Alan Bean, who was one of the astronauts on Apollo 12, retired in June 1981.</lex>
      <lex comment="good" lid="Id4">Alan Bean (retired June 1981) was a crew member of Apollo 12.</lex>
      <lex comment="good" lid="Id5">Alan Bean, a crew member of Apollo 12, retired in June 1981.</lex>
      <lex comment="good" lid="Id6">Alan Bean, formerly a crew member of Apollo 12 retired in June 1981.</lex>
    </entry>
    <entry category="Astronaut" eid="Id7" shape="(X (X (X)))" shape_type="chain" size="2">
      <originaltripleset>
        <otriple>Alan_Bean | mission | Apollo_12</otriple>
        <otriple>Apollo_12 | operator | NASA</otriple>
      </originaltripleset>
      <modifiedtripleset>
        <mtriple>Alan_Bean | was a crew member of | Apollo_12</mtriple>
        <mtriple>Apollo_12 | operator | NASA</mtriple>
      </modifiedtripleset>
      <lex comment="good" lid="Id1">NASA's Apollo 12 crew included Alan Bean.</lex>
      <lex comment="good" lid="Id2">Alan Bean was part of Apollo 12 which was operated by NASA.</lex>
      <lex comment="good" lid="Id3">Alan Bean was a crew member of the NASA operated Apollo 12.</lex>
      <lex comment="good" lid="Id4">Alan Bean was a crew member of NASA's Apollo 12.</lex>
      <lex comment="good" lid="Id5">Alan Bean served as a crew member of Apollo 12 which is operated by NASA.</lex>
      <lex comment="good" lid="Id6">Alan Bean was a crew member of Apollo 12, which was operated by nasa.</lex>
    </entry>
    <entry category="Astronaut" eid="Id8" shape="(X (X) (X))" shape_type="sibling" size="2">
      <originaltripleset>
        <otriple>Alan_Shepard | almaMater | "NWC, M.A. 1957"</otriple>
        <otriple>Alan_Shepard | awards | Distinguished_Service_Medal_(United_States_Navy)</otriple>
      </originaltripleset>
      <modifiedtripleset>
        <mtriple>Alan_Shepard | almaMater | "NWC, M.A. 1957"</mtriple>
        <mtriple>Alan_Shepard | awards | Distinguished_Service_Medal_(United_States_Navy)</mtriple>
      </modifiedtripleset>
      <lex comment="good" lid="Id1">Alan Shepard, who was awarded the Distinguished Service Medal by the United States Navy, went to school at NWC and graduated with an MA in 1957.</lex>
      <lex comment="good" lid="Id2">1957 NWC M.A. graduate Alan Shepard is a recipient of the United States Navy's Distinguished Service Medal.</lex>
      <lex comment="good" lid="Id3">Alan Shepard who graduated from NWC with an MA in 1957 was awarded the Distinguished Service Medal by the US Navy.</lex>
    </entry>
    <entry category="Astronaut" eid="Id27" shape="(X (X (X)))" shape_type="chain" size="2">
      <originaltripleset>
        <otriple>California | gemstone | Benitoite</otriple>
        <otriple>Alan_Shepard | deathPlace | California</otriple>
      </originaltripleset>
      <modifiedtripleset>
        <mtriple>California | gemstone | Benitoite</mtriple>
        <mtriple>Alan_Shepard | deathPlace | California</mtriple>
      </modifiedtripleset>
      <lex comment="good" lid="Id1">Alan Shepard died in California, the common place to find the gem Benitoite.</lex>
      <lex comment="good" lid="Id2">California is well known for the gemstone benitoite, and as the state where Alan Shepard died.</lex>
      <lex comment="good" lid="Id3">Alan Shepard died in California, which has as its gemstone, Benitoite.</lex>
    </entry>
    <entry category="Astronaut" eid="Id28" shape="(X (X (X)))" shape_type="chain" size="2">
      <originaltripleset>
        <otriple>Dallas | partsType | List_of_counties_in_Texas</otriple>
        <otriple>Elliot_See | birthPlace | Dallas</otriple>
      </originaltripleset>
      <modifiedtripleset>
        <mtriple>Dallas | partsType | List_of_counties_in_Texas</mtriple>
        <mtriple>Elliot_See | birthPlace | Dallas</mtriple>
      </modifiedtripleset>
      <lex comment="good" lid="Id1">Elliot See was born in Dallas, Texas.</lex>
      <lex comment="good" lid="Id2">Elliot See was born in Dallas County, Dallas Texas.</lex>
    </entry>
    <entry category="Astronaut" eid="Id29" shape="(X (X (X)))" shape_type="chain" size="2">
      <originaltripleset>
        <otriple>Distinguished_Service_Medal_(United_States_Navy) | higher | Department_of_Commerce_Gold_Medal</otriple>
        <otriple>Alan_Shepard | awards | Distinguished_Service_Medal_(United_States_Navy)</otriple>
      </originaltripleset>
      <modifiedtripleset>
        <mtriple>Distinguished_Service_Medal_(United_States_Navy) | higher | Department_of_Commerce_Gold_Medal</mtriple>
        <mtriple>Alan_Shepard | awards | Distinguished_Service_Medal_(United_States_Navy)</mtriple>
      </modifiedtripleset>
      <lex comment="good" lid="Id1">Alan Shepard's Distinguished Service Medal from the U.S. Navy ranks higher than Department of Commerce Gold Medal.</lex>
      <lex comment="good" lid="Id2">Alan Shepard was the recipient of the Distinguished Service Medal in the United States Navy and this is a medal that is ranked higher than Department of Commerce Gold Medal.</lex>
      <lex comment="good" lid="Id3">Alan Shepard got the Distinguished Service Medal of United States Navy, which has a higher rank than the Department of Commerce Gold Medal.</lex>
    </entry>
    <entry category="Astronaut" eid="Id30" shape="(X (X) (X))" shape_type="sibling" size="2">
      <originaltripleset>
        <otriple>Elliot_See | almaMater | University_of_Texas_at_Austin</otriple>
        <otriple>Elliot_See | birthDate | "1927-07-23"</otriple>
      </originaltripleset>
      <modifiedtripleset>
        <mtriple>Elliot_See | almaMater | University_of_Texas_at_Austin</mtriple>
        <mtriple>Elliot_See | birthDate | "1927-07-23"</mtriple>
      </modifiedtripleset>
      <lex comment="good" lid="Id1">Elliot See was born on July 23rd, 1927, and was a student at University of Texas at Austin.</lex>
      <lex comment="good" lid="Id2">Elliot See, who was born on July 23, 1927, graduated from the University of Texas at Austin.</lex>
      <lex comment="good" lid="Id3">Elliot See, a student at University of Texas at Austin and was born on 23rd July 1927.</lex>
    </entry>
    <entry category="Astronaut" eid="Id31" shape="(X (X) (X))" shape_type="sibling" size="2">
      <originaltripleset>
        <otriple>Elliot_See | almaMater | University_of_Texas_at_Austin</otriple>
        <otriple>Elliot_See | birthPlace | Dallas</otriple>
      </originaltripleset>
      <modifiedtripleset>
        <mtriple>Elliot_See | almaMater | University_of_Texas_at_Austin</mtriple>
        <mtriple>Elliot_See | birthPlace | Dallas</mtriple>
      </modifiedtripleset>
      <lex comment="good" lid="Id1">Elliot See was was born in Dallas and was a student at University of Texas at Austin.</lex>
      <lex comment="good" lid="Id2">Elliot See graduated from the University of Texas at Austin and was also born in Dallas, Texas.</lex>
      <lex comment="good" lid="Id3">Elliot See was born in Dallas and went on to attend the University of Texas at Austin.</lex>
      <lex comment="good" lid="Id4">Dallas native Elliot See's alma mater was the University of Texas at Austin.</lex>
      <lex comment="good" lid="Id5">Elliot See graduated from the University of Texas, Austin. He was born in Dallas.</lex>
    </entry>
    <entry category="Astronaut" eid="Id32" shape="(X (X (X)))" shape_type="chain" size="2">
      <originaltripleset>
        <otriple>Elliot_See | almaMater | University_of_Texas_at_Austin</otriple>
        <otriple>University_of_Texas_at_Austin | affiliations | University_of_Texas_System</otriple>
      </originaltripleset>
      <modifiedtripleset>
        <mtriple>Elliot_See | almaMater | University_of_Texas_at_Austin</mtriple>
        <mtriple>University_of_Texas_at_Austin | affiliations | University_of_Texas_System</mtriple>
      </modifiedtripleset>
      <lex comment="good" lid="Id1">Elliot See graduated from the University of Texas at Austin, affiliated to the university of Texas system.</lex>
      <lex comment="good" lid="Id2">Elliot See was a student at the University of Texas at Austin which is part of the University of Texas system.</lex>
      <lex comment="good" lid="Id3">Elliot See graduated from the University of Texas at Austin, which is affiliated with the University of Texas System.</lex>
      <lex comment="good" lid="Id4">Elliot See's alma mater is the University of Texas at Austin which is affiliated with the University of Texas System.</lex>
    </entry>
    <entry category="Astronaut" eid="Id33" shape="(X (X) (X))" shape_type="sibling" size="2">
      <originaltripleset>
        <otriple>Elliot_See | deathPlace | St._Louis</otriple>
        <otriple>Elliot_See | deathDate | "1966-02-28"</otriple>
      </originaltripleset>
      <modifiedtripleset>
        <mtriple>Elliot_See | deathPlace | St._Louis</mtriple>
        <mtriple>Elliot_See | deathDate | "1966-02-28"</mtriple>
      </modifiedtripleset>
      <lex comment="good" lid="Id1">Elliot See died on February 28, 1966, in St Louis.</lex>
      <lex comment="good" lid="Id2">Elliot See died in St Louis on February 28,1966.</lex>
      <lex comment="good" lid="Id3">Elliot See died in St Louis on February 28, 1966.</lex>
      <lex comment="good" lid="Id4">Elliot See died in St. Louis on February 28th, 1966.</lex>
      <lex comment="good" lid="Id5">Elliot See died in St. Louis on 1966-02-28.</lex>
      <lex comment="good" lid="Id6">Elliot See died in St Louis on 28/02/1966.</lex>
      <lex comment="good" lid="Id7">Elliot See passed away on 1966-02-28 in St. Louis.</lex>
    </entry>
    <entry category="Astronaut" eid="Id34" shape="(X (X) (X))" shape_type="sibling" size="2">
      <originaltripleset>
        <otriple>Elliot_See | deathPlace | St._Louis</otriple>
        <otriple>Elliot_See | selection | 1962</otriple>
      </originaltripleset>
      <modifiedtripleset>
        <mtriple>Elliot_See | deathPlace | St._Louis</mtriple>
        <mtriple>Elliot_See | was selected by NASA | 1962</mtriple>
      </modifiedtripleset>
      <lex comment="good" lid="Id1">Elliot See, who worked for NASA beginning in 1962, died in St. Louis.</lex>
      <lex comment="good" lid="Id2">Elliot See joined NASA in 1962 and died in St Louis.</lex>
      <lex comment="good" lid="Id3">Elliot See, who was selected by NASA in 1962, died in St. Louis.</lex>
      <lex comment="good" lid="Id4">Elliot See, who died in St. Louis, was selected by the NASA in 1962.</lex>
      <lex comment="good" lid="Id5">In 1962 Elliot See, who died later in St. Louis, was selected by NASA.</lex>
      <lex comment="good" lid="Id6">Elliot see selected by NASA in 1962 died in St. Louis.</lex>
    </entry>
    <entry category="Astronaut" eid="Id35" shape="(X (X (X)))" shape_type="chain" size="2">
      <originaltripleset>
        <otriple>Elliot_See | deathPlace | St._Louis</otriple>
        <otriple>St._Louis | isPartOf | Kingdom_of_France</otriple>
      </originaltripleset>
      <modifiedtripleset>
        <mtriple>Elliot_See | deathPlace | St._Louis</mtriple>
        <mtriple>St._Louis | isPartOf | Kingdom_of_France</mtriple>
      </modifiedtripleset>
      <lex comment="good" lid="Id1">Elliot See died in St. Louis, the Kingdom of France.</lex>
      <lex comment="good" lid="Id2">Elliot See died in St Louis situated in the Kingdom of France.</lex>
      <lex comment="good" lid="Id3">Elliot See died in St. Louis which was once part of the Kingdom of France.</lex>
      <lex comment="good" lid="Id4">Elliot See died in St. Louis (part of Kingdom of France).</lex>
    </entry>
    <entry category="Astronaut" eid="Id36" shape="(X (X) (X))" shape_type="sibling" size="2">
      <originaltripleset>
        <otriple>Elliot_See | status | "Deceased"</otriple>
        <otriple>Elliot_See | birthPlace | Dallas</otriple>
      </originaltripleset>
      <modifiedtripleset>
        <mtriple>Elliot_See | status | "Deceased"</mtriple>
        <mtriple>Elliot_See | birthPlace | Dallas</mtriple>
      </modifiedtripleset>
      <lex comment="good" lid="Id1">Elliot See, who is now dead, was born in Dallas.</lex>
      <lex comment="good" lid="Id2">Elliot See, who was born in Dallas, has died.</lex>
      <lex comment="good" lid="Id3">Elliot See (deceased) was born in Dallas.</lex>
      <lex comment="good" lid="Id4">Elliot See, deceased, was born in Dallas.</lex>
      <lex comment="good" lid="Id5">Elliot See, born in Dallas, has already passed away.</lex>
    </entry>
    <entry category="Astronaut" eid="Id37" shape="(X (X) (X))" shape_type="sibling" size="2">
      <originaltripleset>
        <otriple>Elliot_See | status | "Deceased"</otriple>
        <otriple>Elliot_See | deathPlace | St._Louis</otriple>
      </originaltripleset>
      <modifiedtripleset>
        <mtriple>Elliot_See | status | "Deceased"</mtriple>
        <mtriple>Elliot_See | deathPlace | St._Louis</mtriple>
      </modifiedtripleset>
      <lex comment="good" lid="Id1">Elliot See died in St. Louis.</lex>
      <lex comment="good" lid="Id2">Elliot See passed away in St Louis.</lex>
      <lex comment="good" lid="Id3">Elliot See is deceased and died in St. Louis.</lex>
    </entry>
    <entry category="Astronaut" eid="Id38" shape="(X (X (X)))" shape_type="chain" size="2">
      <originaltripleset>
        <otriple>New_Hampshire | bird | Purple_finch</otriple>
        <otriple>Alan_Shepard | birthPlace | New_Hampshire</otriple>
      </originaltripleset>
      <modifiedtripleset>
        <mtriple>New_Hampshire | bird | Purple_finch</mtriple>
        <mtriple>Alan_Shepard | birthPlace | New_Hampshire</mtriple>
      </modifiedtripleset>
      <lex comment="good" lid="Id1">Alan Shepard was born in New Hampshire, where the purple finch is a native bird.</lex>
      <lex comment="good" lid="Id2">Alan Shepard was born in New Hampshire, a state where one can find the purple finch bird.</lex>
      <lex comment="good" lid="Id3">The purple finch is the bird of New Hampshire, the birthplace of Alan Shepard.</lex>
      <lex comment="good" lid="Id4">Purple finch is the bird of New Hampshire which is the birthplace of Alan Shepard.</lex>
    </entry>
    <entry category="Astronaut" eid="Id39" shape="(X (X) (X))" shape_type="sibling" size="2">
      <originaltripleset>
        <otriple>William_Anders | birthDate | "1933-10-17"</otriple>
        <otriple>William_Anders | almaMater | "AFIT, M.S. 1962"</otriple>
      </originaltripleset>
      <modifiedtripleset>
        <mtriple>William_Anders | birthDate | "1933-10-17"</mtriple>
        <mtriple>William_Anders | almaMater | "AFIT, M.S. 1962"</mtriple>
      </modifiedtripleset>
      <lex comment="good" lid="Id1">William Anders was born on the 17th of October 1933 and graduated from AFIT in 1962 with an M.S.</lex>
      <lex comment="good" lid="Id2">William Anders, who was born on the 17th of October 1933, graduated from AFIT, M.S. in 1962.</lex>
      <lex comment="good" lid="Id3">William Anders was born 1933-10-17 and he received an MS from AFIT in 1962.</lex>
      <lex comment="good" lid="Id4">William Anders (1933-10-17) graduated from AFIT with a master of science in 1962.</lex>
      <lex comment="good" lid="Id5">William Anders was born on October 17th, 1933 and his Alma Mater was AFIT, M.S. which he attended in 1962.</lex>
      <lex comment="good" lid="Id6">William Anders (born on 1933-10-17) graduated from AFIT, M.S. in 1962.</lex>
    </entry>
    <entry category="Astronaut" eid="Id40" shape="(X (X) (X))" shape_type="sibling" size="2">
      <originaltripleset>
        <otriple>William_Anders | dateOfRet | "1969-09-01"</otriple>
        <otriple>William_Anders | mission | Apollo_8</otriple>
      </originaltripleset>
      <modifiedtripleset>
        <mtriple>William_Anders | dateOfRetirement | "1969-09-01"</mtriple>
        <mtriple>William_Anders | was a crew member of | Apollo_8</mtriple>
      </modifiedtripleset>
      <lex comment="good" lid="Id1">William Anders, who crewed Apollo 8, retired on September 1st, 1969.</lex>
      <lex comment="good" lid="Id2">William Anders, who served as a crew member of Apollo 8, retired on September 1st, 1969.</lex>
      <lex comment="good" lid="Id3">William Anders was once a crew member of Apollo 8 and he retired on September 1st, 1969.</lex>
      <lex comment="good" lid="Id4">William Anders, crew member of Apollo 8 retired as of 1969-09-01.</lex>
      <lex comment="good" lid="Id5">William Anders, a crew member of Apollo 8, retired 1969/09/01.</lex>
      <lex comment="good" lid="Id6">William Anders retired the 1st of August in 1969. He was a crew member of the Apollo 8.</lex>
    </entry>
    <entry category="Astronaut" eid="Id41" shape="(X (X) (X))" shape_type="sibling" size="2">
      <originaltripleset>
        <otriple>William_Anders | nationality | United_States</otriple>
        <otriple>William_Anders | birthPlace | British_Hong_Kong</otriple>
      </originaltripleset>
      <modifiedtripleset>
        <mtriple>William_Anders | nationality | United_States</mtriple>
        <mtriple>William_Anders | birthPlace | British_Hong_Kong</mtriple>
      </modifiedtripleset>
      <lex comment="good" lid="Id1">The American William Anders was born in British Hong Kong.</lex>
      <lex comment="toFix" lid="Id2">William Anders, who was from the United States, was actually born in British Hong Kong.</lex>
      <lex comment="good" lid="Id3">Although William Anders was from the United States, he was actually born in British Hong Kong.</lex>
      <lex comment="good" lid="Id4">William Anders nationality is the United States, but he was born in British Hong Kong.</lex>
      <lex comment="good" lid="Id5">William Anders was born in British Hong Kong but has a United States nationality.</lex>
      <lex comment="good" lid="Id6">William Anders from the United States was born in British Hong Kong.</lex>
      <lex comment="good" lid="Id7">William Anders was born in British Hong Kong and is a citizen of the United States.</lex>
    </entry>
    <entry category="Astronaut" eid="Id42" shape="(X (X) (X))" shape_type="sibling" size="2">
      <originaltripleset>
        <otriple>William_Anders | occupation | Fighter_pilot</otriple>
        <otriple>William_Anders | birthPlace | British_Hong_Kong</otriple>
      </originaltripleset>
      <modifiedtripleset>
        <mtriple>William_Anders | occupation | Fighter_pilot</mtriple>
        <mtriple>William_Anders | birthPlace | British_Hong_Kong</mtriple>
      </modifiedtripleset>
      <lex comment="good" lid="Id1">William Anders was born in British Hong Kong and later in life became a fighter pilot.</lex>
      <lex comment="good" lid="Id2">William Anders was a fighter pilot who was born in British, Hong Kong.</lex>
      <lex comment="good" lid="Id3">William Anders (born in British Hong Kong) served as a Fighter pilot.</lex>
      <lex comment="good" lid="Id4">William Anders who was born in British Hong Kong served as a fighter pilot.</lex>
      <lex comment="good" lid="Id5">William Anders, born in British Hong Kong, was a fighter pilot.</lex>
    </entry>
    <entry category="Astronaut" eid="Id43" shape="(X (X) (X))" shape_type="sibling" size="2">
      <originaltripleset>
        <otriple>William_Anders | occupation | Fighter_pilot</otriple>
        <otriple>William_Anders | mission | Apollo_8</otriple>
      </originaltripleset>
      <modifiedtripleset>
        <mtriple>William_Anders | occupation | Fighter_pilot</mtriple>
        <mtriple>William_Anders | was a crew member of | Apollo_8</mtriple>
      </modifiedtripleset>
      <lex comment="good" lid="Id1">William Anders is a fighter pilot and member of Apollo 8's crew.</lex>
      <lex comment="good" lid="Id2">William Anders was part of the Apollo 8 crew and was once a fighter pilot.</lex>
      <lex comment="good" lid="Id3">William Anders was a fighter pilot and a crew member of Apollo 8.</lex>
    </entry>
    <entry category="Astronaut" eid="Id44" shape="(X (X) (X))" shape_type="sibling" size="2">
      <originaltripleset>
        <otriple>William_Anders | years | 1976</otriple>
        <otriple>William_Anders | title | United_States_Ambassador_to_Norway</otriple>
      </originaltripleset>
      <modifiedtripleset>
        <mtriple>William_Anders | served as Chief of the Astronaut Office in | 1976</mtriple>
        <mtriple>William_Anders | title | United_States_Ambassador_to_Norway</mtriple>
      </modifiedtripleset>
      <lex comment="good" lid="Id1">William Anders served as Chief of the Astronaut Office in 1976 and had a title as the United States Ambassador to Norway.</lex>
      <lex comment="good" lid="Id2">William Anders time as Chief of the Astronaut Office in 1976 has prepared him well for his new position as United States Ambassador to Norway.</lex>
      <lex comment="good" lid="Id3">The United States Ambassador to Norway, William Anders, served as Chief of the Astronaut Office in 1976.</lex>
    </entry>
    <entry category="Astronaut" eid="Id1" shape="(X (X) (X))" shape_type="sibling" size="2">
      <originaltripleset>
        <otriple>Alan_Shepard | mission | Apollo_14</otriple>
        <otriple>Alan_Shepard | dateOfRet | "1974-08-01"</otriple>
      </originaltripleset>
      <modifiedtripleset>
        <mtriple>Alan_Shepard | was a crew member of | Apollo_14</mtriple>
        <mtriple>Alan_Shepard | dateOfRetirement | "1974-08-01"</mtriple>
      </modifiedtripleset>
      <lex comment="good" lid="Id1">Apollo 14 crew member Alan Shepard retired on the first of August, 1974.</lex>
      <lex comment="good" lid="Id2">Alan Shepard, who served as a crew member of Apollo 14, retired 1974-08-01.</lex>
    </entry>
    <entry category="Astronaut" eid="Id2" shape="(X (X) (X))" shape_type="sibling" size="2">
      <originaltripleset>
        <otriple>Buzz_Aldrin | birthPlace | Glen_Ridge,_New_Jersey</otriple>
        <otriple>Buzz_Aldrin | nationality | United_States</otriple>
      </originaltripleset>
      <modifiedtripleset>
        <mtriple>Buzz_Aldrin | birthPlace | Glen_Ridge,_New_Jersey</mtriple>
        <mtriple>Buzz_Aldrin | nationality | United_States</mtriple>
      </modifiedtripleset>
      <lex comment="good" lid="Id1">Buzz Aldrin is a US national because he was born in Glen Ridge, New Jersey.</lex>
      <lex comment="good" lid="Id2">American Buzz Aldrin hails from Glen Ridge, New Jersey.</lex>
      <lex comment="good" lid="Id3">Buzz Aldrin was born in Glen Ridge, New Jersey in the United States.</lex>
      <lex comment="good" lid="Id4">Buzz Aldrin was a US citizen born in Glen Ridge, New Jersey.</lex>
    </entry>
    <entry category="Astronaut" eid="Id3" shape="(X (X) (X))" shape_type="sibling" size="2">
      <originaltripleset>
        <otriple>Buzz_Aldrin | occupation | Fighter_pilot</otriple>
        <otriple>Buzz_Aldrin | status | "Retired"</otriple>
      </originaltripleset>
      <modifiedtripleset>
        <mtriple>Buzz_Aldrin | occupation | Fighter_pilot</mtriple>
        <mtriple>Buzz_Aldrin | status | "Retired"</mtriple>
      </modifiedtripleset>
      <lex comment="good" lid="Id1">Retiree Buzz Aldrin is a former fighter pilot.</lex>
      <lex comment="good" lid="Id2">Buzz Aldrin is now retired but he was once a fighter pilot.</lex>
      <lex comment="good" lid="Id3">Buzz Aldrin has since retired but he once served as a fighter pilot.</lex>
      <lex comment="good" lid="Id4">Buzz Aldrin served as a fighter pilot and is now retired.</lex>
    </entry>
    <entry category="Astronaut" eid="Id4" shape="(X (X (X)))" shape_type="chain" size="2">
      <originaltripleset>
        <otriple>Buzz_Aldrin | mission | Apollo_11</otriple>
        <otriple>Apollo_11 | operator | NASA</otriple>
      </originaltripleset>
      <modifiedtripleset>
        <mtriple>Buzz_Aldrin | was a crew member of | Apollo_11</mtriple>
        <mtriple>Apollo_11 | operator | NASA</mtriple>
      </modifiedtripleset>
      <lex comment="good" lid="Id1">The Apollo 11 program was organized by NASA and included Buzz Aldrin as one of its crew members.</lex>
      <lex comment="good" lid="Id2">NASA operated the Apollo 11 program of which Buzz Aldrin was a member.</lex>
      <lex comment="good" lid="Id3">Buzz Aldrin was on Apollo 11 which NASA operated.</lex>
      <lex comment="good" lid="Id4">Buzz Aldrin served as a crew member of Apollo 11 which is operated by NASA.</lex>
      <lex comment="good" lid="Id5">Buzz Aldrin was a crew member of Apollo 11 - whose operator was NASA.</lex>
      <lex comment="good" lid="Id6">Buzz aldrin was a crew member of apollo 11, which was operated by NASA.</lex>
      <lex comment="good" lid="Id7">Buzz Aldrin was a crew member of NASA's Apollo 11.</lex>
    </entry>
    <entry category="Astronaut" eid="Id5" shape="(X (X) (X))" shape_type="sibling" size="2">
      <originaltripleset>
        <otriple>Buzz_Aldrin | mission | Apollo_11</otriple>
        <otriple>Buzz_Aldrin | occupation | Fighter_pilot</otriple>
      </originaltripleset>
      <modifiedtripleset>
        <mtriple>Buzz_Aldrin | was a crew member of | Apollo_11</mtriple>
        <mtriple>Buzz_Aldrin | occupation | Fighter_pilot</mtriple>
      </modifiedtripleset>
      <lex comment="good" lid="Id1">Buzz Aldrin performed as a fighter pilot and was a crew member on Apollo 11.</lex>
      <lex comment="good" lid="Id2">Buzz Aldrin, who was a fighter pilot, was a crew member on Apollo 11.</lex>
      <lex comment="good" lid="Id3">Buzz Aldrin was a fighter pilot who was also part of the Apollo 11 crew.</lex>
      <lex comment="good" lid="Id4">Buzz Aldrin was both a fighter pilot and member of the Apollo 11 flight crew.</lex>
      <lex comment="good" lid="Id5">Buzz Aldrin was a fighter pilot and crew member of Apollo 11.</lex>
    </entry>
  </entries>
</benchmark>
