<?xml version='1.0' encoding='utf-8'?>
<benchmark>
  <entries>
    <entry category="Monument" eid="Id1" shape="(X (X) (X) (X) (X) (X))" shape_type="sibling" size="5">
      <originaltripleset>
        <otriple>11th_Mississippi_Infantry_Monument | country | "United States"@en</otriple>
        <otriple>11th_Mississippi_Infantry_Monument | region | Adams_County,_Pennsylvania</otriple>
        <otriple>11th_Mississippi_Infantry_Monument | established | 2000</otriple>
        <otriple>11th_Mississippi_Infantry_Monument | category | Contributing_property</otriple>
        <otriple>11th_Mississippi_Infantry_Monument | municipality | Gettysburg,_Pennsylvania</otriple>
      </originaltripleset>
      <modifiedtripleset>
        <mtriple>11th_Mississippi_Infantry_Monument | country | "United States"</mtriple>
        <mtriple>11th_Mississippi_Infantry_Monument | location | Adams_County,_Pennsylvania</mtriple>
        <mtriple>11th_Mississippi_Infantry_Monument | established | 2000</mtriple>
        <mtriple>11th_Mississippi_Infantry_Monument | category | Contributing_property</mtriple>
        <mtriple>11th_Mississippi_Infantry_Monument | municipality | Gettysburg,_Pennsylvania</mtriple>
      </modifiedtripleset>
      <lex comment="good" lid="Id1">The 11th Mississippi Infantry Monument stands in Gettysburg, in Adams County, Pennsylvania. The American monument, built in 2000 is classed as a Contributing Property.</lex>
      <lex comment="good" lid="Id2">The 11th Mississippi Infantry Monument was established in 2000, and is considered a Contributing Property. It is located in the municipality of Gettysburg, in Adams County, Pennsylvania, USA.</lex>
      <lex comment="good" lid="Id3">The 11th Mississippi Infantry Monument is in Adams County, Gettysburg municipality, Pennsylvania in the United States. The Monument is categorized as a Contributing Property and was established in 2000.</lex>
    </entry>
    <entry category="Monument" eid="Id2" shape="(X (X) (X) (X) (X) (X))" shape_type="sibling" size="5">
      <originaltripleset>
        <otriple>11th_Mississippi_Infantry_Monument | country | "United States"@en</otriple>
        <otriple>11th_Mississippi_Infantry_Monument | region | Adams_County,_Pennsylvania</otriple>
        <otriple>11th_Mississippi_Infantry_Monument | state | "Pennsylvania"@en</otriple>
        <otriple>11th_Mississippi_Infantry_Monument | established | 2000</otriple>
        <otriple>11th_Mississippi_Infantry_Monument | category | Contributing_property</otriple>
      </originaltripleset>
      <modifiedtripleset>
        <mtriple>11th_Mississippi_Infantry_Monument | country | "United States"</mtriple>
        <mtriple>11th_Mississippi_Infantry_Monument | location | Adams_County,_Pennsylvania</mtriple>
        <mtriple>11th_Mississippi_Infantry_Monument | state | "Pennsylvania"</mtriple>
        <mtriple>11th_Mississippi_Infantry_Monument | established | 2000</mtriple>
        <mtriple>11th_Mississippi_Infantry_Monument | category | Contributing_property</mtriple>
      </modifiedtripleset>
      <lex comment="good" lid="Id1">The 11th Mississippi Infantry Monument was established in the year 2000 and is situated in Adams County, Pennsylvania, United States. The monument is categorised as a contributing property.</lex>
      <lex comment="good" lid="Id2">In 2000 the 11th Mississippi Infantry monument was established in Adams County, Pennsylvania, US. It is now categorised as a contributing property.</lex>
      <lex comment="good" lid="Id3">The 11th Mississippi Infantry Monument is found in Adams County, Pennsylvania, USA. It was established in the year 2000 and is categorised as a contributing property.</lex>
    </entry>
    <entry category="Monument" eid="Id3" shape="(X (X) (X) (X) (X) (X))" shape_type="sibling" size="5">
      <originaltripleset>
        <otriple>11th_Mississippi_Infantry_Monument | country | "United States"@en</otriple>
        <otriple>11th_Mississippi_Infantry_Monument | range | Seminary_Ridge</otriple>
        <otriple>11th_Mississippi_Infantry_Monument | region | Adams_County,_Pennsylvania</otriple>
        <otriple>11th_Mississippi_Infantry_Monument | established | 2000</otriple>
        <otriple>11th_Mississippi_Infantry_Monument | category | Contributing_property</otriple>
      </originaltripleset>
      <modifiedtripleset>
        <mtriple>11th_Mississippi_Infantry_Monument | country | "United States"</mtriple>
        <mtriple>11th_Mississippi_Infantry_Monument | location | Seminary_Ridge</mtriple>
        <mtriple>11th_Mississippi_Infantry_Monument | location | Adams_County,_Pennsylvania</mtriple>
        <mtriple>11th_Mississippi_Infantry_Monument | established | 2000</mtriple>
        <mtriple>11th_Mississippi_Infantry_Monument | category | Contributing_property</mtriple>
      </modifiedtripleset>
      <lex comment="good" lid="Id1">The 11th Mississippi Infantry monument is located at Seminary Ridge, Adams County, Pennsylvania, United States. It was completed in 2000 and is categorized as Contributing Property.</lex>
      <lex comment="good" lid="Id2">The location of the 11th Mississippi Infantry Monument is Seminary Ridge, Adams County, Pennsylvania, United States. The monument was established in the year 2000 and falls under the category of Contributing property.</lex>
      <lex comment="good" lid="Id3">The 11th Mississippi Infantry Monument is located in the Seminary Ridge, Adams County Pennsylvania USA. It was completed in 2000 and is a contributing property.</lex>
    </entry>
    <entry category="Monument" eid="Id4" shape="(X (X) (X) (X) (X) (X))" shape_type="sibling" size="5">
      <originaltripleset>
        <otriple>11th_Mississippi_Infantry_Monument | country | "United States"@en</otriple>
        <otriple>11th_Mississippi_Infantry_Monument | range | Seminary_Ridge</otriple>
        <otriple>11th_Mississippi_Infantry_Monument | state | "Pennsylvania"@en</otriple>
        <otriple>11th_Mississippi_Infantry_Monument | established | 2000</otriple>
        <otriple>11th_Mississippi_Infantry_Monument | category | Contributing_property</otriple>
      </originaltripleset>
      <modifiedtripleset>
        <mtriple>11th_Mississippi_Infantry_Monument | country | "United States"</mtriple>
        <mtriple>11th_Mississippi_Infantry_Monument | location | Seminary_Ridge</mtriple>
        <mtriple>11th_Mississippi_Infantry_Monument | state | "Pennsylvania"</mtriple>
        <mtriple>11th_Mississippi_Infantry_Monument | established | 2000</mtriple>
        <mtriple>11th_Mississippi_Infantry_Monument | category | Contributing_property</mtriple>
      </modifiedtripleset>
      <lex comment="good" lid="Id1">The 11th Mississippi Infantry Monument is in the Seminary Ridge, in the US state of Pennsylvania. Established in 2000, it is categorized as a contributing property.</lex>
      <lex comment="good" lid="Id2">The 11th Mississippi Infantry Monument, established in 2000 was built at Seminary Ridge, Pennsylvania USA and is a contributing property.</lex>
      <lex comment="good" lid="Id3">The 11th Mississippi Infantry Monument is found at Seminary Ridge, Pennsylvania, US. Established in 2000, the monument has a Contributing Property categorization.</lex>
    </entry>
    <entry category="Monument" eid="Id5" shape="(X (X) (X) (X) (X) (X))" shape_type="sibling" size="5">
      <originaltripleset>
        <otriple>11th_Mississippi_Infantry_Monument | country | "United States"@en</otriple>
        <otriple>11th_Mississippi_Infantry_Monument | state | "Pennsylvania"@en</otriple>
        <otriple>11th_Mississippi_Infantry_Monument | established | 2000</otriple>
        <otriple>11th_Mississippi_Infantry_Monument | category | Contributing_property</otriple>
        <otriple>11th_Mississippi_Infantry_Monument | municipality | Gettysburg,_Pennsylvania</otriple>
      </originaltripleset>
      <originaltripleset>
        <otriple>11th_Mississippi_Infantry_Monument | country | "United States"@en</otriple>
        <otriple>11th_Mississippi_Infantry_Monument | established | 2000</otriple>
        <otriple>11th_Mississippi_Infantry_Monument | state | "Pennsylvania"@en</otriple>
        <otriple>11th_Mississippi_Infantry_Monument | category | Contributing_property</otriple>
        <otriple>11th_Mississippi_Infantry_Monument | municipality | Gettysburg,_Pennsylvania</otriple>
      </originaltripleset>
      <modifiedtripleset>
        <mtriple>11th_Mississippi_Infantry_Monument | country | "United States"</mtriple>
        <mtriple>11th_Mississippi_Infantry_Monument | state | "Pennsylvania"</mtriple>
        <mtriple>11th_Mississippi_Infantry_Monument | established | 2000</mtriple>
        <mtriple>11th_Mississippi_Infantry_Monument | category | Contributing_property</mtriple>
        <mtriple>11th_Mississippi_Infantry_Monument | municipality | Gettysburg,_Pennsylvania</mtriple>
      </modifiedtripleset>
      <lex comment="good" lid="Id1">The 11th Mississippi Infantry Monument, established in 2000 was built at Seminary Ridge, Gettysburg Pennsylvania USA and is a contributing property.</lex>
      <lex comment="good" lid="Id2">The 11th Mississippi Infantry Monument (Gettysburg, Pennsylvania United States) was established in the year 2000 and is categorised as a contributing property.</lex>
      <lex comment="good" lid="Id3">The 11th Mississippi Infantry Monument, located in Gettysburg, Pennsylvania, in the United States, is a Contributing Property established in 2000.</lex>
    </entry>
    <entry category="Monument" eid="Id6" shape="(X (X) (X (X) (X) (X)))" shape_type="mixed" size="5">
      <originaltripleset>
        <otriple>11th_Mississippi_Infantry_Monument | country | "United States"@en</otriple>
        <otriple>Adams_County,_Pennsylvania | west | Franklin_County,_Pennsylvania</otriple>
        <otriple>Adams_County,_Pennsylvania | southeast | Carroll_County,_Maryland</otriple>
        <otriple>Adams_County,_Pennsylvania | north | Cumberland_County,_Pennsylvania</otriple>
        <otriple>11th_Mississippi_Infantry_Monument | region | Adams_County,_Pennsylvania</otriple>
      </originaltripleset>
      <modifiedtripleset>
        <mtriple>11th_Mississippi_Infantry_Monument | country | "United States"</mtriple>
        <mtriple>Adams_County,_Pennsylvania | has to its west | Franklin_County,_Pennsylvania</mtriple>
        <mtriple>Adams_County,_Pennsylvania | has to its southeast | Carroll_County,_Maryland</mtriple>
        <mtriple>Adams_County,_Pennsylvania | has to its north | Cumberland_County,_Pennsylvania</mtriple>
        <mtriple>11th_Mississippi_Infantry_Monument | location | Adams_County,_Pennsylvania</mtriple>
      </modifiedtripleset>
      <lex comment="good" lid="Id1">The 11th Mississippi Infantry Monument is found in Adams County, Pennsylvania, USA. To the west of Adams County you will find Franklin County and to the north lies Cumberland County, both of Pennsylvania. To the southeast of Adams County lies Carroll County, Maryland.</lex>
      <lex comment="good" lid="Id2">The 11th Mississippi Infantry Monument is located in Adams County, Pennsylvania, USA. To the west of Adams County lies Franklin County and to the north is Cumberland County, both in Pennsylvania. To the southeast of Adams County lies Carroll County, Maryland.</lex>
      <lex comment="good" lid="Id3">The 11th Mississippi Infantry Monument is located in Adams County, Pennsylvania USA. Franklin County is to the west, Cumberland County is to the North and Carroll County is to the northwest.</lex>
    </entry>
    <entry category="Monument" eid="Id7" shape="(X (X) (X) (X) (X (X)))" shape_type="mixed" size="5">
      <originaltripleset>
        <otriple>11th_Mississippi_Infantry_Monument | established | 2000</otriple>
        <otriple>Adams_County,_Pennsylvania | north | Cumberland_County,_Pennsylvania</otriple>
        <otriple>11th_Mississippi_Infantry_Monument | category | Contributing_property</otriple>
        <otriple>11th_Mississippi_Infantry_Monument | municipality | Gettysburg,_Pennsylvania</otriple>
        <otriple>11th_Mississippi_Infantry_Monument | region | Adams_County,_Pennsylvania</otriple>
      </originaltripleset>
      <modifiedtripleset>
        <mtriple>11th_Mississippi_Infantry_Monument | established | 2000</mtriple>
        <mtriple>Adams_County,_Pennsylvania | has to its north | Cumberland_County,_Pennsylvania</mtriple>
        <mtriple>11th_Mississippi_Infantry_Monument | category | Contributing_property</mtriple>
        <mtriple>11th_Mississippi_Infantry_Monument | municipality | Gettysburg,_Pennsylvania</mtriple>
        <mtriple>11th_Mississippi_Infantry_Monument | location | Adams_County,_Pennsylvania</mtriple>
      </modifiedtripleset>
      <lex comment="good" lid="Id1">A monument to the 11th Mississippi Infantry was erected in 2000 in Gettysburg municipality in Adams County, Pennsylvania, which has Cumberland County, Pennsylvania to its north. The monument falls under the category of Contributing property.</lex>
      <lex comment="good" lid="Id2">The 11th Mississippi Infantry monument was established in 2000 in Gettysburg, Adams County, Pennsylvania, and falls under the category of contributing property. Adams County is located to the south of Cumberland County.</lex>
    </entry>
    <entry category="Monument" eid="Id8" shape="(X (X) (X) (X) (X) (X))" shape_type="sibling" size="5">
      <originaltripleset>
        <otriple>11th_Mississippi_Infantry_Monument | region | Adams_County,_Pennsylvania</otriple>
        <otriple>11th_Mississippi_Infantry_Monument | state | "Pennsylvania"@en</otriple>
        <otriple>11th_Mississippi_Infantry_Monument | established | 2000</otriple>
        <otriple>11th_Mississippi_Infantry_Monument | category | Contributing_property</otriple>
        <otriple>11th_Mississippi_Infantry_Monument | municipality | Gettysburg,_Pennsylvania</otriple>
      </originaltripleset>
      <modifiedtripleset>
        <mtriple>11th_Mississippi_Infantry_Monument | location | Adams_County,_Pennsylvania</mtriple>
        <mtriple>11th_Mississippi_Infantry_Monument | state | "Pennsylvania"</mtriple>
        <mtriple>11th_Mississippi_Infantry_Monument | established | 2000</mtriple>
        <mtriple>11th_Mississippi_Infantry_Monument | category | Contributing_property</mtriple>
        <mtriple>11th_Mississippi_Infantry_Monument | municipality | Gettysburg,_Pennsylvania</mtriple>
      </modifiedtripleset>
      <lex comment="good" lid="Id1">In the year 2000 the 11th Mississippi Infantry monument was established in the municipality of Gettysburg, Adams County, Pennsylvania. the monument falls under the category of contributing property.</lex>
      <lex comment="good" lid="Id2">The 11th Mississippi Infantry Monument, established in 2000, is a contributing property and located in Gettysburg and Adams County in Pennsylvania.</lex>
      <lex comment="good" lid="Id3">The 11th Mississippi Infantry monument is located in the municipality of Gettysburg, Adams County, Pennsylvania. It was established in 2000 and falls under the category of contributing property.</lex>
    </entry>
    <entry category="Monument" eid="Id9" shape="(X (X) (X) (X) (X) (X))" shape_type="sibling" size="5">
      <originaltripleset>
        <otriple>11th_Mississippi_Infantry_Monument | range | Seminary_Ridge</otriple>
        <otriple>11th_Mississippi_Infantry_Monument | region | Adams_County,_Pennsylvania</otriple>
        <otriple>11th_Mississippi_Infantry_Monument | established | 2000</otriple>
        <otriple>11th_Mississippi_Infantry_Monument | category | Contributing_property</otriple>
        <otriple>11th_Mississippi_Infantry_Monument | municipality | Gettysburg,_Pennsylvania</otriple>
      </originaltripleset>
      <modifiedtripleset>
        <mtriple>11th_Mississippi_Infantry_Monument | location | Seminary_Ridge</mtriple>
        <mtriple>11th_Mississippi_Infantry_Monument | location | Adams_County,_Pennsylvania</mtriple>
        <mtriple>11th_Mississippi_Infantry_Monument | established | 2000</mtriple>
        <mtriple>11th_Mississippi_Infantry_Monument | category | Contributing_property</mtriple>
        <mtriple>11th_Mississippi_Infantry_Monument | municipality | Gettysburg,_Pennsylvania</mtriple>
      </modifiedtripleset>
      <lex comment="good" lid="Id1">The 11th Mississippi Infantry Monument is located at Seminary Ridge, Gettysburg, Adams County, Pennsylvania and was completed in 2000. It is categorized as a Contributing Property.</lex>
      <lex comment="good" lid="Id2">Established in 2000, the 11th Mississippi Infantry Monument is found in the Seminary Ridge, Adams County, Pennsylvania. It has a Contributing Property designation in Gettysburg.</lex>
      <lex comment="good" lid="Id3">Located at Seminary Ridge in the municipality of Gettysburg, which is in Adams County, Pennsylvania, the 11th Mississippi Infantry Monument was established in 2000, and is categorized as a Contributing Property.</lex>
    </entry>
    <entry category="Monument" eid="Id10" shape="(X (X) (X) (X) (X) (X))" shape_type="sibling" size="5">
      <originaltripleset>
        <otriple>11th_Mississippi_Infantry_Monument | range | Seminary_Ridge</otriple>
        <otriple>11th_Mississippi_Infantry_Monument | region | Adams_County,_Pennsylvania</otriple>
        <otriple>11th_Mississippi_Infantry_Monument | state | "Pennsylvania"@en</otriple>
        <otriple>11th_Mississippi_Infantry_Monument | established | 2000</otriple>
        <otriple>11th_Mississippi_Infantry_Monument | category | Contributing_property</otriple>
      </originaltripleset>
      <modifiedtripleset>
        <mtriple>11th_Mississippi_Infantry_Monument | location | Seminary_Ridge</mtriple>
        <mtriple>11th_Mississippi_Infantry_Monument | location | Adams_County,_Pennsylvania</mtriple>
        <mtriple>11th_Mississippi_Infantry_Monument | state | "Pennsylvania"</mtriple>
        <mtriple>11th_Mississippi_Infantry_Monument | established | 2000</mtriple>
        <mtriple>11th_Mississippi_Infantry_Monument | category | Contributing_property</mtriple>
      </modifiedtripleset>
      <lex comment="good" lid="Id1">The 11th Mississippi Infantry Monument is located at Seminary Ridge, Adams County, Pennsylvania. Erected in 2000 the Monument falls under the category of Contributing property.</lex>
      <lex comment="good" lid="Id2">The 11th Mississippi Infantry Monument is located at Seminary Ridge, Adams County, Pennsylvania. The monument was erected in the year 2000 and is categorized as a Contributing Property.</lex>
    </entry>
    <entry category="Monument" eid="Id11" shape="(X (X) (X) (X) (X) (X))" shape_type="sibling" size="5">
      <originaltripleset>
        <otriple>14th_New_Jersey_Volunteer_Infantry_Monument | country | "United States"@en</otriple>
        <otriple>14th_New_Jersey_Volunteer_Infantry_Monument | category | Historic_districts_in_the_United_States</otriple>
        <otriple>14th_New_Jersey_Volunteer_Infantry_Monument | district | Monocacy_National_Battlefield</otriple>
        <otriple>14th_New_Jersey_Volunteer_Infantry_Monument | owningOrganisation | National_Park_Service</otriple>
        <otriple>14th_New_Jersey_Volunteer_Infantry_Monument | established | "1907-07-11"^^xsd:date</otriple>
      </originaltripleset>
      <modifiedtripleset>
        <mtriple>14th_New_Jersey_Volunteer_Infantry_Monument | country | "United States"</mtriple>
        <mtriple>14th_New_Jersey_Volunteer_Infantry_Monument | category | Historic_districts_in_the_United_States</mtriple>
        <mtriple>14th_New_Jersey_Volunteer_Infantry_Monument | district | Monocacy_National_Battlefield</mtriple>
        <mtriple>14th_New_Jersey_Volunteer_Infantry_Monument | owningOrganisation | National_Park_Service</mtriple>
        <mtriple>14th_New_Jersey_Volunteer_Infantry_Monument | established | "1907-07-11"</mtriple>
      </modifiedtripleset>
      <lex comment="good" lid="Id1">The 14th New Jersey Volunteer Infantry Monument is located in the Monocacy National Battlefield and was established on July 11th, 1907. It has been categorised as a historic district in the United States and was provided by the National Park Service.</lex>
      <lex comment="good" lid="Id2">The 14th New Jersey Volunteer Infantry monument was established on 11 July 1907 and is owned by the National Park Service. It is located within the Monocacy National Battlefield and belongs to the category of historic districts of the United States.</lex>
    </entry>
    <entry category="Monument" eid="Id12" shape="(X (X) (X) (X) (X (X)))" shape_type="mixed" size="5">
      <originaltripleset>
        <otriple>14th_New_Jersey_Volunteer_Infantry_Monument | established | "1907-07-11"^^xsd:date</otriple>
        <otriple>14th_New_Jersey_Volunteer_Infantry_Monument | country | "United States"@en</otriple>
        <otriple>14th_New_Jersey_Volunteer_Infantry_Monument | category | Historic_districts_in_the_United_States</otriple>
        <otriple>14th_New_Jersey_Volunteer_Infantry_Monument | district | Monocacy_National_Battlefield</otriple>
        <otriple>Monocacy_National_Battlefield | nearestCity | Frederick,_Maryland</otriple>
      </originaltripleset>
      <modifiedtripleset>
        <mtriple>14th_New_Jersey_Volunteer_Infantry_Monument | established | "1907-07-11"</mtriple>
        <mtriple>14th_New_Jersey_Volunteer_Infantry_Monument | country | "United States"</mtriple>
        <mtriple>14th_New_Jersey_Volunteer_Infantry_Monument | category | Historic_districts_in_the_United_States</mtriple>
        <mtriple>14th_New_Jersey_Volunteer_Infantry_Monument | district | Monocacy_National_Battlefield</mtriple>
        <mtriple>Monocacy_National_Battlefield | nearestCity | Frederick,_Maryland</mtriple>
      </modifiedtripleset>
      <lex comment="good" lid="Id1">The 14th New Jersey Volunteer Infantry Monument is located on the Monocacy National Battlefield, Frederick, Maryland. The monument was established on 1907-07-11 and belongs to the category of Historic districts in the United States.</lex>
      <lex comment="good" lid="Id2">The 14th New Jersey Volunteer Infantry Monument was established July 11th, 1907 and is a historic district founded in the Monocacy National Battlefield (USA). The nearest city is Frederick, Maryland.</lex>
    </entry>
    <entry category="Monument" eid="Id13" shape="(X (X) (X) (X) (X (X)))" shape_type="mixed" size="5">
      <originaltripleset>
        <otriple>Adams_County,_Pennsylvania | southeast | Carroll_County,_Maryland</otriple>
        <otriple>11th_Mississippi_Infantry_Monument | established | 2000</otriple>
        <otriple>11th_Mississippi_Infantry_Monument | category | Contributing_property</otriple>
        <otriple>11th_Mississippi_Infantry_Monument | municipality | Gettysburg,_Pennsylvania</otriple>
        <otriple>11th_Mississippi_Infantry_Monument | region | Adams_County,_Pennsylvania</otriple>
      </originaltripleset>
      <modifiedtripleset>
        <mtriple>Adams_County,_Pennsylvania | has to its southeast | Carroll_County,_Maryland</mtriple>
        <mtriple>11th_Mississippi_Infantry_Monument | established | 2000</mtriple>
        <mtriple>11th_Mississippi_Infantry_Monument | category | Contributing_property</mtriple>
        <mtriple>11th_Mississippi_Infantry_Monument | municipality | Gettysburg,_Pennsylvania</mtriple>
        <mtriple>11th_Mississippi_Infantry_Monument | location | Adams_County,_Pennsylvania</mtriple>
      </modifiedtripleset>
      <lex comment="good" lid="Id1">The 11th Mississippi Infantry Monument is in the municipality of Gettysburg, Adams County, Pennsylvania. The monument was completed in the year 2000 and is categorised as a contributing property. Adams County, Pennsylvania has Carroll County, Maryland to its southeast.</lex>
      <lex comment="good" lid="Id2">The 11th Mississippi Infantry Monument's location is Gettysburg, Adams County, Pennsylvania. It was erected in the year 2000 and is categorized as a Contributing Property. Carroll County Maryland is southeast of Adams County Pennsylvania.</lex>
    </entry>
    <entry category="Monument" eid="Id14" shape="(X (X) (X) (X (X) (X)))" shape_type="mixed" size="5">
      <originaltripleset>
        <otriple>Adams_County,_Pennsylvania | southeast | Carroll_County,_Maryland</otriple>
        <otriple>11th_Mississippi_Infantry_Monument | established | 2000</otriple>
        <otriple>Adams_County,_Pennsylvania | north | Cumberland_County,_Pennsylvania</otriple>
        <otriple>11th_Mississippi_Infantry_Monument | category | Contributing_property</otriple>
        <otriple>11th_Mississippi_Infantry_Monument | region | Adams_County,_Pennsylvania</otriple>
      </originaltripleset>
      <modifiedtripleset>
        <mtriple>Adams_County,_Pennsylvania | has to its southeast | Carroll_County,_Maryland</mtriple>
        <mtriple>11th_Mississippi_Infantry_Monument | established | 2000</mtriple>
        <mtriple>Adams_County,_Pennsylvania | has to its north | Cumberland_County,_Pennsylvania</mtriple>
        <mtriple>11th_Mississippi_Infantry_Monument | category | Contributing_property</mtriple>
        <mtriple>11th_Mississippi_Infantry_Monument | location | Adams_County,_Pennsylvania</mtriple>
      </modifiedtripleset>
      <lex comment="good" lid="Id1">Carroll County Maryland is located southeast and Cumberland County just to the north of Adams County, Pennsylvania which is the location of the 11th Mississippi Infantry monument. The monument was established in the year 2000 and is categorised as a contributing property.</lex>
      <lex comment="good" lid="Id2">Adams County, Pennsylvania lies to the northwest of Carroll County, Maryland and south of Cumberland County. It is the location of the 11th Mississippi Infantry monument which was erected in 2000 and is categorised as a contributing property.</lex>
      <lex comment="good" lid="Id3">The 11th Mississippi Infantry Monument is located in Adams County, Pennsylvania. It was established in 2000 and is categorised as a contributing property. Adams County has Cumberland County to its north and Carroll County of Maryland to its southeast.</lex>
    </entry>
    <entry category="Monument" eid="Id15" shape="(X (X) (X (X) (X) (X)))" shape_type="mixed" size="5">
      <originaltripleset>
        <otriple>Adams_County,_Pennsylvania | southeast | Carroll_County,_Maryland</otriple>
        <otriple>11th_Mississippi_Infantry_Monument | established | 2000</otriple>
        <otriple>Adams_County,_Pennsylvania | north | Cumberland_County,_Pennsylvania</otriple>
        <otriple>Adams_County,_Pennsylvania | southwest | Frederick_County,_Maryland</otriple>
        <otriple>11th_Mississippi_Infantry_Monument | region | Adams_County,_Pennsylvania</otriple>
      </originaltripleset>
      <modifiedtripleset>
        <mtriple>Adams_County,_Pennsylvania | has to its southeast | Carroll_County,_Maryland</mtriple>
        <mtriple>11th_Mississippi_Infantry_Monument | established | 2000</mtriple>
        <mtriple>Adams_County,_Pennsylvania | has to its north | Cumberland_County,_Pennsylvania</mtriple>
        <mtriple>Adams_County,_Pennsylvania | has to its southwest | Frederick_County,_Maryland</mtriple>
        <mtriple>11th_Mississippi_Infantry_Monument | location | Adams_County,_Pennsylvania</mtriple>
      </modifiedtripleset>
      <lex comment="good" lid="Id1">The 11th Mississippi Infantry Monument's location is Adams County, Pennsylvania and was established in the year 2000. Adams County, Pennsylvania has Carroll County to its southeast and Frederick County to its southwest - both of these counties are in Maryland. To the north of Adams County is Cumberland County Pennsylvania.</lex>
      <lex comment="good" lid="Id2">Adams County, Pennsylvania, is the location of the 11th Mississippi Infantry monument which was established in the year 2000. Adams County is south of Cumberland County, and northwest of Carroll County in Maryland and northeast of Frederick County, Maryland.</lex>
      <lex comment="good" lid="Id3">The 11th Mississippi Infantry Monument was established in 2000 and is located in Adams County, Pennsylvania. To the north of Adams County is Cumberland County, also of Pennsylvania. Maryland's Carroll County and Frederick County are found to the southeast and southwest of Adams County respectively.</lex>
    </entry>
    <entry category="Monument" eid="Id16" shape="(X (X) (X (X) (X) (X)))" shape_type="mixed" size="5">
      <originaltripleset>
        <otriple>Adams_County,_Pennsylvania | west | Franklin_County,_Pennsylvania</otriple>
        <otriple>Adams_County,_Pennsylvania | southeast | Carroll_County,_Maryland</otriple>
        <otriple>11th_Mississippi_Infantry_Monument | established | 2000</otriple>
        <otriple>Adams_County,_Pennsylvania | north | Cumberland_County,_Pennsylvania</otriple>
        <otriple>11th_Mississippi_Infantry_Monument | region | Adams_County,_Pennsylvania</otriple>
      </originaltripleset>
      <modifiedtripleset>
        <mtriple>Adams_County,_Pennsylvania | has to its west | Franklin_County,_Pennsylvania</mtriple>
        <mtriple>Adams_County,_Pennsylvania | has to its southeast | Carroll_County,_Maryland</mtriple>
        <mtriple>11th_Mississippi_Infantry_Monument | established | 2000</mtriple>
        <mtriple>Adams_County,_Pennsylvania | has to its north | Cumberland_County,_Pennsylvania</mtriple>
        <mtriple>11th_Mississippi_Infantry_Monument | location | Adams_County,_Pennsylvania</mtriple>
      </modifiedtripleset>
      <lex comment="good" lid="Id1">Cumberland County Pennsylvania lies to the north of Adams County which is the location of the 11th Mississippi Infantry monument which was established in the year 2000. The County is located to the east of Franklin County Pennsylvania and Carroll County Maryland can be found to the southeast.</lex>
      <lex comment="good" lid="Id2">The 11th Mississippi Infantry Monument was erected in 2000 and is located in Adams County, Pennsylvania. To the west of Adams County can be found Franklin County and to the north Cumberland County, both of Pennsylvania. Carroll County Maryland is southeast of Adams County Pennsylvania.</lex>
      <lex comment="good" lid="Id3">The 11th Mississippi Infantry Monument is located in Adams County, Pennsylvania and was established in the year 2000. Franklin County (to the west) and Cumberland County (to the north) are nearby counties in Pennsylvania. Carroll County, Maryland is to the southeast of Adams County.</lex>
    </entry>
    <entry category="Monument" eid="Id17" shape="(X (X) (X (X) (X) (X)))" shape_type="mixed" size="5">
      <originaltripleset>
        <otriple>Adams_County,_Pennsylvania | west | Franklin_County,_Pennsylvania</otriple>
        <otriple>Adams_County,_Pennsylvania | southeast | Carroll_County,_Maryland</otriple>
        <otriple>Adams_County,_Pennsylvania | north | Cumberland_County,_Pennsylvania</otriple>
        <otriple>11th_Mississippi_Infantry_Monument | category | Contributing_property</otriple>
        <otriple>11th_Mississippi_Infantry_Monument | region | Adams_County,_Pennsylvania</otriple>
      </originaltripleset>
      <modifiedtripleset>
        <mtriple>Adams_County,_Pennsylvania | has to its west | Franklin_County,_Pennsylvania</mtriple>
        <mtriple>Adams_County,_Pennsylvania | has to its southeast | Carroll_County,_Maryland</mtriple>
        <mtriple>Adams_County,_Pennsylvania | has to its north | Cumberland_County,_Pennsylvania</mtriple>
        <mtriple>11th_Mississippi_Infantry_Monument | category | Contributing_property</mtriple>
        <mtriple>11th_Mississippi_Infantry_Monument | location | Adams_County,_Pennsylvania</mtriple>
      </modifiedtripleset>
      <lex comment="good" lid="Id1">Adams County, Pennsylvania is located east of Franklin County and south of Cumberland County, while Carroll County in Maryland lies to the southeast. Adams County is the location of the 11th Mississippi Infantry monument which is categorised as a contributing property.</lex>
      <lex comment="good" lid="Id2">The 11th Mississippi Infantry monument, which has a contributing property categorization, is found in Adams County, Pennsylvania. Adams County is bounded by Franklin County to the west; Cumberland County to the north and Carroll County to the South-east. All except Carroll County are in Pennsylvania, which is in Maryland.</lex>
      <lex comment="good" lid="Id3">The 11th Mississippi Infantry Monument is in Adams County, Pennsylvania and is categorized as a contributing property. Adams county lies to the east of Franklin County and has Cumberland County to the north and Carroll County, Maryland to the south-east.</lex>
    </entry>
    <entry category="Monument" eid="Id18" shape="(X (X (X) (X) (X) (X)))" shape_type="mixed" size="5">
      <originaltripleset>
        <otriple>Adams_County,_Pennsylvania | west | Franklin_County,_Pennsylvania</otriple>
        <otriple>Adams_County,_Pennsylvania | southeast | Carroll_County,_Maryland</otriple>
        <otriple>Adams_County,_Pennsylvania | north | Cumberland_County,_Pennsylvania</otriple>
        <otriple>Adams_County,_Pennsylvania | southwest | Frederick_County,_Maryland</otriple>
        <otriple>11th_Mississippi_Infantry_Monument | region | Adams_County,_Pennsylvania</otriple>
      </originaltripleset>
      <modifiedtripleset>
        <mtriple>Adams_County,_Pennsylvania | has to its west | Franklin_County,_Pennsylvania</mtriple>
        <mtriple>Adams_County,_Pennsylvania | has to its southeast | Carroll_County,_Maryland</mtriple>
        <mtriple>Adams_County,_Pennsylvania | has to its north | Cumberland_County,_Pennsylvania</mtriple>
        <mtriple>Adams_County,_Pennsylvania | has to its southwest | Frederick_County,_Maryland</mtriple>
        <mtriple>11th_Mississippi_Infantry_Monument | location | Adams_County,_Pennsylvania</mtriple>
      </modifiedtripleset>
      <lex comment="good" lid="Id1">Adams County, Pennsylvania is the location of the 11th Mississippi Infantry monument. To the west is Franklin County and to the north is Cumberland County. Carroll County, Maryland is located to the southeast, and Frederick County, Maryland - to the southwest.</lex>
      <lex comment="good" lid="Id2">Adams County is located to the south of Cumberland County and east of Franklin County, Pennsylvania. Carroll County, Maryland is to the southeast, and Frederick County is to the southwest. It is the location of the 11th Mississippi Infantry Monument.</lex>
      <lex comment="good" lid="Id3">The 11th Mississippi Infantry Monument is located in Adams County, Pennsylvania. To the west of Adams County lies Franklin County, to the north is Cumberland County and the southwest lies Frederick County - all in Pennsylvania. To the southeast of Adams County lies Carroll County, Maryland.</lex>
    </entry>
    <entry category="Monument" eid="Id19" shape="(X (X) (X) (X) (X (X)))" shape_type="mixed" size="5">
      <originaltripleset>
        <otriple>Atatürk_Monument_(İzmir) | designer | Pietro_Canonica</otriple>
        <otriple>Turkey | capital | Ankara</otriple>
        <otriple>Atatürk_Monument_(İzmir) | material | "Bronze"@en</otriple>
        <otriple>Atatürk_Monument_(İzmir) | open | "1932-07-27"^^xsd:date</otriple>
        <otriple>Atatürk_Monument_(İzmir) | location | Turkey</otriple>
      </originaltripleset>
      <modifiedtripleset>
        <mtriple>Atatürk_Monument_(İzmir) | designer | Pietro_Canonica</mtriple>
        <mtriple>Turkey | capital | Ankara</mtriple>
        <mtriple>Atatürk_Monument_(İzmir) | material | "Bronze"</mtriple>
        <mtriple>Atatürk_Monument_(İzmir) | inaugurationDate | "1932-07-27"</mtriple>
        <mtriple>Atatürk_Monument_(İzmir) | location | Turkey</mtriple>
      </modifiedtripleset>
      <lex comment="good" lid="Id1">The bronze Ataturk monument in Izmir was designed by Pietro Canonica and was inaugurated in Turkey, where the capital is Ankara, on 27 July 1932.</lex>
      <lex comment="good" lid="Id2">The Ataturk Monument in Turkey was designed in bronze by Pietro Canonica, It was inaugurated July 27th, 1932. The capital city of Turkey is Ankara .</lex>
      <lex comment="good" lid="Id3">The Atatürk Monument (inaugurated on 27th July, 1932) in Izmir was designed by Pietro Canonica and is made of bronze. The Monument is located in İzmir, Turkey whose capital city is Ankara.</lex>
    </entry>
    <entry category="Monument" eid="Id20" shape="(X (X) (X) (X) (X (X)))" shape_type="mixed" size="5">
      <originaltripleset>
        <otriple>Atatürk_Monument_(İzmir) | designer | Pietro_Canonica</otriple>
        <otriple>Turkey | leaderName | Ahmet_Davutoğlu</otriple>
        <otriple>Atatürk_Monument_(İzmir) | material | "Bronze"@en</otriple>
        <otriple>Atatürk_Monument_(İzmir) | open | "1932-07-27"^^xsd:date</otriple>
        <otriple>Atatürk_Monument_(İzmir) | location | Turkey</otriple>
      </originaltripleset>
      <modifiedtripleset>
        <mtriple>Atatürk_Monument_(İzmir) | designer | Pietro_Canonica</mtriple>
        <mtriple>Turkey | leaderName | Ahmet_Davutoğlu</mtriple>
        <mtriple>Atatürk_Monument_(İzmir) | material | "Bronze"</mtriple>
        <mtriple>Atatürk_Monument_(İzmir) | inaugurationDate | "1932-07-27"</mtriple>
        <mtriple>Atatürk_Monument_(İzmir) | location | Turkey</mtriple>
      </modifiedtripleset>
      <lex comment="good" lid="Id1">The Atatürk Monument in Turkey (İzmir) was designed by Pietro Canonica, is made of bronze and was inaugurated on 27th July, 1932. The Turkish leader's name is Ahmet Davutoglu.</lex>
      <lex comment="good" lid="Id2">Designed by Pietro Canonica in bronze, The Atatürk Monument in Turkey was inaugurated in Izmir on July 27th 1932. The leader of Turkey is Ahmet Davutoglu.</lex>
      <lex comment="good" lid="Id3">The Atatürk Monument in Izmir, Turkey, is made from Bronze. Designed by Pietro Canonica it was inaugurated on the 27th of July, 1932. Turkey's current leader is Ahmet Davutoğlu.</lex>
    </entry>
    <entry category="Monument" eid="Id21" shape="(X (X) (X) (X (X) (X)))" shape_type="mixed" size="5">
      <originaltripleset>
        <otriple>Atatürk_Monument_(İzmir) | designer | Pietro_Canonica</otriple>
        <otriple>Turkey | leaderName | Ahmet_Davutoğlu</otriple>
        <otriple>Turkey | currency | Turkish_lira</otriple>
        <otriple>Atatürk_Monument_(İzmir) | open | "1932-07-27"^^xsd:date</otriple>
        <otriple>Atatürk_Monument_(İzmir) | location | Turkey</otriple>
      </originaltripleset>
      <modifiedtripleset>
        <mtriple>Atatürk_Monument_(İzmir) | designer | Pietro_Canonica</mtriple>
        <mtriple>Turkey | leaderName | Ahmet_Davutoğlu</mtriple>
        <mtriple>Turkey | currency | Turkish_lira</mtriple>
        <mtriple>Atatürk_Monument_(İzmir) | inaugurationDate | "1932-07-27"</mtriple>
        <mtriple>Atatürk_Monument_(İzmir) | location | Turkey</mtriple>
      </modifiedtripleset>
      <lex comment="good" lid="Id1">The 27th July, 1932 was the inauguration date of the Ataturk Monument in Izmir, Turkey; which was designed by Pietro Canonica. Ahmet Davutoglu is Turkeys leader and their national currency is the lira.</lex>
      <lex comment="good" lid="Id2">Pietro Canonica designed the Ataturk Monument, which was inaugurated July 27, 1932 in Izmir, Turkey. The country's leader is Ahmet Davutoglu, and the currency is the Turkish lira.</lex>
      <lex comment="good" lid="Id3">Pietro Canonica designed the Ataturk monument in Izmir which was inaugurated in Turkey on 27 July 1932. The Turkish currency is the lira and the leader is Ahmet Davutoglu.</lex>
    </entry>
    <entry category="Monument" eid="Id22" shape="(X (X) (X) (X (X) (X)))" shape_type="mixed" size="5">
      <originaltripleset>
        <otriple>Azerbaijan | capital | Baku</otriple>
        <otriple>Baku_Turkish_Martyrs'_Memorial | dedicatedTo | "Ottoman Army soldiers killed in the Battle of Baku"@en</otriple>
        <otriple>Baku_Turkish_Martyrs'_Memorial | location | Azerbaijan</otriple>
        <otriple>Azerbaijan | leaderName | Artur_Rasizade</otriple>
        <otriple>Baku_Turkish_Martyrs'_Memorial | designer | "Hüseyin Bütüner and Hilmi Güner"@en</otriple>
      </originaltripleset>
      <modifiedtripleset>
        <mtriple>Azerbaijan | capital | Baku</mtriple>
        <mtriple>Baku_Turkish_Martyrs'_Memorial | dedicatedTo | "Ottoman Army soldiers killed in the Battle of Baku"</mtriple>
        <mtriple>Baku_Turkish_Martyrs'_Memorial | location | Azerbaijan</mtriple>
        <mtriple>Azerbaijan | leaderName | Artur_Rasizade</mtriple>
        <mtriple>Baku_Turkish_Martyrs'_Memorial | designer | "Hüseyin Bütüner and Hilmi Güner"</mtriple>
      </modifiedtripleset>
      <lex comment="good" lid="Id1">Baku Turkish Martyrs' Memorial, designed by Hüseyin Bütüner and Hilmi Güner, is dedicated to the Ottoman Army soldiers killed in the Battle of Baku. The memorial is in Azerbaijan, whose capital is Baku and whose leader is Artur Rasizade.</lex>
      <lex comment="good" lid="Id2">The Baku Turkish Martyrs' Memorial in Azerbaijan is dedicated to the Ottoman Army soldiers killed in the Battle of Baku. It was designed by Hüseyin Bütüner and Hilmi Güner. The leader of Turkey is Artur Rasizade.</lex>
    </entry>
    <entry category="Monument" eid="Id23" shape="(X (X) (X) (X) (X (X)))" shape_type="mixed" size="5">
      <originaltripleset>
        <otriple>Azerbaijan | capital | Baku</otriple>
        <otriple>Baku_Turkish_Martyrs'_Memorial | material | "Red granite and white marble"@en</otriple>
        <otriple>Baku_Turkish_Martyrs'_Memorial | dedicatedTo | "Ottoman Army soldiers killed in the Battle of Baku"@en</otriple>
        <otriple>Baku_Turkish_Martyrs'_Memorial | location | Azerbaijan</otriple>
        <otriple>Baku_Turkish_Martyrs'_Memorial | designer | "Hüseyin Bütüner and Hilmi Güner"@en</otriple>
      </originaltripleset>
      <modifiedtripleset>
        <mtriple>Azerbaijan | capital | Baku</mtriple>
        <mtriple>Baku_Turkish_Martyrs'_Memorial | material | "Red granite and white marble"</mtriple>
        <mtriple>Baku_Turkish_Martyrs'_Memorial | dedicatedTo | "Ottoman Army soldiers killed in the Battle of Baku"</mtriple>
        <mtriple>Baku_Turkish_Martyrs'_Memorial | location | Azerbaijan</mtriple>
        <mtriple>Baku_Turkish_Martyrs'_Memorial | designer | "Hüseyin Bütüner and Hilmi Güner"</mtriple>
      </modifiedtripleset>
      <lex comment="good" lid="Id1">A red granite and white marble monument dedicated to the Ottoman Army soldiers killed in the battle of Baku, is found in the capital of Azerbaijan, Baku. It is called the Turkish Martyrs Memorial and was designed by Huseyin Butuner and Hilmi Guner.</lex>
      <lex comment="good" lid="Id2">The Baku Turkish Martyrs Memorial is made from red granite and white marble and is dedicated to the Ottoman Army soldiers killed in the Battle of Baku. It is located in Azerbaijan (capital Baku) and was designed by Huseyin Butuner and Hilmi Guner.</lex>
    </entry>
    <entry category="Monument" eid="Id24" shape="(X (X) (X (X) (X) (X)))" shape_type="mixed" size="5">
      <originaltripleset>
        <otriple>Azerbaijan | leader | Artur_Rasizade</otriple>
        <otriple>Azerbaijan | capital | Baku</otriple>
        <otriple>Azerbaijan | leaderTitle | Prime_Minister_of_Azerbaijan</otriple>
        <otriple>Baku_Turkish_Martyrs'_Memorial | dedicatedTo | "Ottoman Army soldiers killed in the Battle of Baku"@en</otriple>
        <otriple>Baku_Turkish_Martyrs'_Memorial | location | Azerbaijan</otriple>
      </originaltripleset>
      <modifiedtripleset>
        <mtriple>Azerbaijan | leader | Artur_Rasizade</mtriple>
        <mtriple>Azerbaijan | capital | Baku</mtriple>
        <mtriple>Azerbaijan | leaderTitle | Prime_Minister_of_Azerbaijan</mtriple>
        <mtriple>Baku_Turkish_Martyrs'_Memorial | dedicatedTo | "Ottoman Army soldiers killed in the Battle of Baku"</mtriple>
        <mtriple>Baku_Turkish_Martyrs'_Memorial | location | Azerbaijan</mtriple>
      </modifiedtripleset>
      <lex comment="good" lid="Id1">Azerbaijan's leader is the Prime Minister and his name is Artur Rasizade. Baku Turkish Martyrs' Memorial, which is dedicated to the Ottoman Army soldiers killed in the Battle of Baku, is located in Azerbaijan whose capital is Baku.</lex>
      <lex comment="good" lid="Id2">Artur Rasizade is the Prime Minister, the leader, of Azerbaijan. The capital city is Baku where the Turkish Martyrs Memorial is located. It is dedicated to the soldiers of the Ottoman army killed in the Battle of Baku.</lex>
    </entry>
    <entry category="Monument" eid="Id25" shape="(X (X) (X) (X) (X (X)))" shape_type="mixed" size="5">
      <originaltripleset>
        <otriple>Baku_Turkish_Martyrs'_Memorial | material | "Red granite and white marble"@en</otriple>
        <otriple>Azerbaijan | leaderTitle | Prime_Minister_of_Azerbaijan</otriple>
        <otriple>Baku_Turkish_Martyrs'_Memorial | dedicatedTo | "Ottoman Army soldiers killed in the Battle of Baku"@en</otriple>
        <otriple>Baku_Turkish_Martyrs'_Memorial | location | Azerbaijan</otriple>
        <otriple>Baku_Turkish_Martyrs'_Memorial | nativeName | "Türk Şehitleri Anıtı"@en</otriple>
      </originaltripleset>
      <modifiedtripleset>
        <mtriple>Baku_Turkish_Martyrs'_Memorial | material | "Red granite and white marble"</mtriple>
        <mtriple>Azerbaijan | leaderTitle | Prime_Minister_of_Azerbaijan</mtriple>
        <mtriple>Baku_Turkish_Martyrs'_Memorial | dedicatedTo | "Ottoman Army soldiers killed in the Battle of Baku"</mtriple>
        <mtriple>Baku_Turkish_Martyrs'_Memorial | location | Azerbaijan</mtriple>
        <mtriple>Baku_Turkish_Martyrs'_Memorial | nativeName | "Türk Şehitleri Anıtı"</mtriple>
      </modifiedtripleset>
      <lex comment="good" lid="Id1">The Baku Turkish Martyrs' Memorial in Azerbaijan is dedicated to the Ottoman Army soldiers killed in the Battle of Baku. The native name of the memorial is "Türk Sehitleri Aniti" and is made from red granite and white marble. The Prime Minister of Azerbaijan is the official title of the leader of the country.</lex>
      <lex comment="good" lid="Id2">The Baku Turkish Martyrs memorial is dedicated to the Ottoman Army soldiers killed in the Battle of Baku. The red granite and white marble memorial is also known as Turk Sehitleri Aniti and is located in Azerbaijan where the leader is known as the Prime Minister.</lex>
    </entry>
    <entry category="Monument" eid="Id26" shape="(X (X) (X) (X) (X (X)))" shape_type="mixed" size="5">
      <originaltripleset>
        <otriple>Baku_Turkish_Martyrs'_Memorial | material | "Red granite and white marble"@en</otriple>
        <otriple>Baku_Turkish_Martyrs'_Memorial | dedicatedTo | "Ottoman Army soldiers killed in the Battle of Baku"@en</otriple>
        <otriple>Baku_Turkish_Martyrs'_Memorial | location | Azerbaijan</otriple>
        <otriple>Azerbaijan | leaderName | Artur_Rasizade</otriple>
        <otriple>Baku_Turkish_Martyrs'_Memorial | designer | "Hüseyin Bütüner and Hilmi Güner"@en</otriple>
      </originaltripleset>
      <modifiedtripleset>
        <mtriple>Baku_Turkish_Martyrs'_Memorial | material | "Red granite and white marble"</mtriple>
        <mtriple>Baku_Turkish_Martyrs'_Memorial | dedicatedTo | "Ottoman Army soldiers killed in the Battle of Baku"</mtriple>
        <mtriple>Baku_Turkish_Martyrs'_Memorial | location | Azerbaijan</mtriple>
        <mtriple>Azerbaijan | leaderName | Artur_Rasizade</mtriple>
        <mtriple>Baku_Turkish_Martyrs'_Memorial | designer | "Hüseyin Bütüner and Hilmi Güner"</mtriple>
      </modifiedtripleset>
      <lex comment="good" lid="Id1">Huseyin Butuner and Hilmi Guner designed the red granite and white marble Baku Turkish Martyrs memorial which is dedicated to the Ottoman army soldiers killed in the Battle of Baku. The memorial is located in Azerbaijan where the leader is Artur Rasizade.</lex>
      <lex comment="good" lid="Id2">Huseyin Butuner and Hilmi Guner designed the red granite and white marble Baku Turkish Martyrs memorial. The memorial is dedicated to the soldiers of the Ottoman army who died in the battle of Baku and is located in Azerbaijan where the leader is Artur Rasizade.</lex>
    </entry>
    <entry category="Monument" eid="Id27" shape="(X (X) (X) (X) (X (X)))" shape_type="mixed" size="5">
      <originaltripleset>
        <otriple>Baku_Turkish_Martyrs'_Memorial | material | "Red granite and white marble"@en</otriple>
        <otriple>Baku_Turkish_Martyrs'_Memorial | dedicatedTo | "Ottoman Army soldiers killed in the Battle of Baku"@en</otriple>
        <otriple>Baku_Turkish_Martyrs'_Memorial | location | Azerbaijan</otriple>
        <otriple>Baku_Turkish_Martyrs'_Memorial | nativeName | "Türk Şehitleri Anıtı"@en</otriple>
        <otriple>Azerbaijan | leaderName | Artur_Rasizade</otriple>
      </originaltripleset>
      <modifiedtripleset>
        <mtriple>Baku_Turkish_Martyrs'_Memorial | material | "Red granite and white marble"</mtriple>
        <mtriple>Baku_Turkish_Martyrs'_Memorial | dedicatedTo | "Ottoman Army soldiers killed in the Battle of Baku"</mtriple>
        <mtriple>Baku_Turkish_Martyrs'_Memorial | location | Azerbaijan</mtriple>
        <mtriple>Baku_Turkish_Martyrs'_Memorial | nativeName | "Türk Şehitleri Anıtı"</mtriple>
        <mtriple>Azerbaijan | leaderName | Artur_Rasizade</mtriple>
      </modifiedtripleset>
      <lex comment="good" lid="Id1">The leader of Azerbaijan is Artur Rasizade. The country is the location of the Baku Turkish Martyrs memorial which is made of red granite and white marble and dedicated to the soldiers of the Ottoman army killed in the Battle of Baku. The native name of the memorial is Turk Sehitleri Aniti.</lex>
      <lex comment="good" lid="Id2">The alternative name of the Baku Turkish Martyrs memorial is Turk Sehitleri Aniti. It is located in Azerbaijan which is led by Artur Rasizade. The memorial is made of red granite and white marble and dedicated to the soldiers of the Ottoman army killed in the Battle of Baku.</lex>
      <lex comment="good" lid="Id3">Turk Sehitleri Aniti is the local name of the red granite and white marble Baku Turkish Martyrs memorial. The memorial is located in Baku, Azerbaijan where the leader is Artur Rasizade. It is dedicated to the memory of the Ottoman army soldiers killed in the battle of Baku.</lex>
    </entry>
    <entry category="Monument" eid="Id28" shape="(X (X) (X (X) (X) (X)))" shape_type="mixed" size="5">
      <originaltripleset>
        <otriple>Dead_Man's_Plack | location | England</otriple>
        <otriple>England | capital | London</otriple>
        <otriple>Dead_Man's_Plack | dedicatedTo | Æthelwald,_Ealdorman_of_East_Anglia</otriple>
        <otriple>England | languages | Cornish_language</otriple>
        <otriple>England | religion | Church_of_England</otriple>
      </originaltripleset>
      <modifiedtripleset>
        <mtriple>Dead_Man's_Plack | location | England</mtriple>
        <mtriple>England | capital | London</mtriple>
        <mtriple>Dead_Man's_Plack | dedicatedTo | Æthelwald,_Ealdorman_of_East_Anglia</mtriple>
        <mtriple>England | languages | Cornish_language</mtriple>
        <mtriple>England | religion | Church_of_England</mtriple>
      </modifiedtripleset>
      <lex comment="good" lid="Id1">England, where the capital is London, is the home of the Cornish language and the established religion of the Church of England. It is also the location of Dead Mans Plack which is dedicated to Aethelwald, Ealdorman of East Anglia.</lex>
      <lex comment="good" lid="Id2">Dead Man's Plack is in England (capital: London, religion: the Church of England) and is dedicated to Æthelwald, Ealdorman of East Anglia. Cornish is a language spoken in the Cornwall region of England.</lex>
    </entry>
    <entry category="Monument" eid="Id29" shape="(X (X) (X (X) (X) (X)))" shape_type="mixed" size="5">
      <originaltripleset>
        <otriple>Dead_Man's_Plack | location | England</otriple>
        <otriple>England | capital | London</otriple>
        <otriple>England | languages | Cornish_language</otriple>
        <otriple>England | religion | Church_of_England</otriple>
        <otriple>Dead_Man's_Plack | material | Rock_(geology)</otriple>
      </originaltripleset>
      <modifiedtripleset>
        <mtriple>Dead_Man's_Plack | location | England</mtriple>
        <mtriple>England | capital | London</mtriple>
        <mtriple>England | languages | Cornish_language</mtriple>
        <mtriple>England | religion | Church_of_England</mtriple>
        <mtriple>Dead_Man's_Plack | material | Rock_(geology)</mtriple>
      </modifiedtripleset>
      <lex comment="good" lid="Id1">Dead Man's Plack (made of rock) is found in England whose capital city is London. The main religion of this country is the Church of England and in the Cornwall region a language called Cornish is sometimes spoken.</lex>
      <lex comment="good" lid="Id2">The established religion in England is The Church of England and the capital is London. Cornish language can be heard spoken and you can find Dead Man's Plack which is made of rock.</lex>
      <lex comment="good" lid="Id3">The Dead Man's Plack is located in England and made of stone. The established religion in England is the Church of England, and Cornish is one of the languages spoken in the country, with London being the capital.</lex>
    </entry>
    <entry category="Monument" eid="Id30" shape="(X (X) (X) (X (X) (X)))" shape_type="mixed" size="5">
      <originaltripleset>
        <otriple>Dead_Man's_Plack | location | England</otriple>
        <otriple>England | ethnicGroups | British_Arabs</otriple>
        <otriple>England | capital | London</otriple>
        <otriple>Dead_Man's_Plack | dedicatedTo | Æthelwald,_Ealdorman_of_East_Anglia</otriple>
        <otriple>Dead_Man's_Plack | material | Rock_(geology)</otriple>
      </originaltripleset>
      <modifiedtripleset>
        <mtriple>Dead_Man's_Plack | location | England</mtriple>
        <mtriple>England | ethnicGroups | British_Arabs</mtriple>
        <mtriple>England | capital | London</mtriple>
        <mtriple>Dead_Man's_Plack | dedicatedTo | Æthelwald,_Ealdorman_of_East_Anglia</mtriple>
        <mtriple>Dead_Man's_Plack | material | Rock_(geology)</mtriple>
      </modifiedtripleset>
      <lex comment="good" lid="Id1">Dead Man's Plack is a rock monument located in England and dedicated to Aethelwald, Ealdorman of East Anglia. One of the English ethnic groups are the British Arabs, and the capital of the country is London.</lex>
      <lex comment="good" lid="Id2">The British Arabs are one of the ethnic groups to be found in England, where the capital city is London. Also located in the country is Dead Man's Plack, a stone monument dedicated to Aethelwald, Ealdorman of East Anglia.</lex>
      <lex comment="good" lid="Id3">England's capital is London and one of the ethnic groups found in the country are the British Arabs. Dead Mans Plack is a rock monument found in the country and dedicated to Aethelwald, Ealdorman of East Anglia.</lex>
    </entry>
    <entry category="Monument" eid="Id31" shape="(X (X) (X (X) (X) (X)))" shape_type="mixed" size="5">
      <originaltripleset>
        <otriple>Dead_Man's_Plack | location | England</otriple>
        <otriple>England | ethnicGroups | British_Arabs</otriple>
        <otriple>England | capital | London</otriple>
        <otriple>Dead_Man's_Plack | dedicatedTo | Æthelwald,_Ealdorman_of_East_Anglia</otriple>
        <otriple>England | languages | Cornish_language</otriple>
      </originaltripleset>
      <modifiedtripleset>
        <mtriple>Dead_Man's_Plack | location | England</mtriple>
        <mtriple>England | ethnicGroups | British_Arabs</mtriple>
        <mtriple>England | capital | London</mtriple>
        <mtriple>Dead_Man's_Plack | dedicatedTo | Æthelwald,_Ealdorman_of_East_Anglia</mtriple>
        <mtriple>England | languages | Cornish_language</mtriple>
      </modifiedtripleset>
      <lex comment="good" lid="Id1">The capital of England is London and one of the many ethnic groups found in the country are the British Arabs. Dead Man's Plack is located within the country and dedicated to Aethelwald, Ealdorman of East Anglia. Within the region of Cornwall the old Cornish language can still be heard.</lex>
      <lex comment="good" lid="Id2">Dead Man's Plack, located in England, is dedicated to Æthelwald, Ealdorman of East Anglia. England's capital city is London and one of the ethnic groups of the country are the British Arabs. One of the languages spoken in England is Cornish.</lex>
      <lex comment="good" lid="Id3">London is the capital of England where the Cornish language can be heard in the region of Cornwall. The country contains different ethnic groups, one of which is the British Arabs. It is also the location of Dead Mans Plack which is dedicated to Aethelwald, Ealdorman of East Anglia.</lex>
    </entry>
    <entry category="Monument" eid="Id32" shape="(X (X) (X (X) (X) (X)))" shape_type="mixed" size="5">
      <originaltripleset>
        <otriple>Dead_Man's_Plack | location | England</otriple>
        <otriple>England | ethnicGroups | British_Arabs</otriple>
        <otriple>England | capital | London</otriple>
        <otriple>Dead_Man's_Plack | dedicatedTo | Æthelwald,_Ealdorman_of_East_Anglia</otriple>
        <otriple>England | religion | Church_of_England</otriple>
      </originaltripleset>
      <modifiedtripleset>
        <mtriple>Dead_Man's_Plack | location | England</mtriple>
        <mtriple>England | ethnicGroups | British_Arabs</mtriple>
        <mtriple>England | capital | London</mtriple>
        <mtriple>Dead_Man's_Plack | dedicatedTo | Æthelwald,_Ealdorman_of_East_Anglia</mtriple>
        <mtriple>England | religion | Church_of_England</mtriple>
      </modifiedtripleset>
      <lex comment="good" lid="Id1">The established religion of England, where the capital is London, is The Church of England. Located within the country is Dead Man's Plack which is dedicated to Aethelwald, Ealdorman of East Anglia. One of the ethnic groups in the country are the British Arabs.</lex>
      <lex comment="good" lid="Id2">The Dead Man's Plack, found in England, is dedicated to Æthelwald, Ealdorman of East Anglia. England's capital city is London, the main religion is the Church of England and one of the ethnic groups in the country are the British Arabs.</lex>
    </entry>
    <entry category="Monument" eid="Id33" shape="(X (X (X) (X) (X) (X)))" shape_type="mixed" size="5">
      <originaltripleset>
        <otriple>Dead_Man's_Plack | location | England</otriple>
        <otriple>England | ethnicGroups | British_Arabs</otriple>
        <otriple>England | capital | London</otriple>
        <otriple>England | languages | Cornish_language</otriple>
        <otriple>England | religion | Church_of_England</otriple>
      </originaltripleset>
      <modifiedtripleset>
        <mtriple>Dead_Man's_Plack | location | England</mtriple>
        <mtriple>England | ethnicGroups | British_Arabs</mtriple>
        <mtriple>England | capital | London</mtriple>
        <mtriple>England | languages | Cornish_language</mtriple>
        <mtriple>England | religion | Church_of_England</mtriple>
      </modifiedtripleset>
      <lex comment="good" lid="Id1">Dead Man's Plack is found in England (capital: London, religion: The Church of England). One of the ethnic groups found in England is the British Arabs and one of the languages spoken in England is the Cornish language.</lex>
      <lex comment="good" lid="Id2">England, where the capital city is London, is the location of Dead Man's Plack. The established religion of the country is The Church of England and one of the several indigenous languages is the Cornish language. There are various ethnic groups one of which is the British Arabs.</lex>
      <lex comment="good" lid="Id3">The Cornish language is still spoken within England although not often heard within the capital, London. It is also the location of Dead Man's Plack. One of the ethnic groups in the country are the British Arabs, and the established religion is the Church of England.</lex>
    </entry>
    <entry category="Monument" eid="Id34" shape="(X (X) (X (X) (X) (X)))" shape_type="mixed" size="5">
      <originaltripleset>
        <otriple>Dead_Man's_Plack | location | England</otriple>
        <otriple>England | ethnicGroups | British_Arabs</otriple>
        <otriple>England | capital | London</otriple>
        <otriple>England | religion | Church_of_England</otriple>
        <otriple>Dead_Man's_Plack | material | Rock_(geology)</otriple>
      </originaltripleset>
      <modifiedtripleset>
        <mtriple>Dead_Man's_Plack | location | England</mtriple>
        <mtriple>England | ethnicGroups | British_Arabs</mtriple>
        <mtriple>England | capital | London</mtriple>
        <mtriple>England | religion | Church_of_England</mtriple>
        <mtriple>Dead_Man's_Plack | material | Rock_(geology)</mtriple>
      </modifiedtripleset>
      <lex comment="good" lid="Id1">The British Arabs are one of the ethnic groups to be found in England, which has the capital city of London. England is the location of the rock monument known as Dead Man's Plack, and where the main religion is the Church of England.</lex>
      <lex comment="good" lid="Id2">Dead Man's Plack (made of rock) is found in England, the capital of which is London. The British Arabs are an English ethnic group and the main religion of the country is the Church of England.</lex>
      <lex comment="good" lid="Id3">Dead Man's Plack is found in England and is made from rock. The capital of England is London and its religion is Church of England. The British Arabs are an English ethnic group.</lex>
    </entry>
    <entry category="Monument" eid="Id35" shape="(X (X) (X) (X (X) (X)))" shape_type="mixed" size="5">
      <originaltripleset>
        <otriple>Monocacy_National_Battlefield | location | Frederick_County,_Maryland</otriple>
        <otriple>14th_New_Jersey_Volunteer_Infantry_Monument | country | "United States"@en</otriple>
        <otriple>14th_New_Jersey_Volunteer_Infantry_Monument | category | Historic_districts_in_the_United_States</otriple>
        <otriple>14th_New_Jersey_Volunteer_Infantry_Monument | district | Monocacy_National_Battlefield</otriple>
        <otriple>Monocacy_National_Battlefield | nearestCity | Frederick,_Maryland</otriple>
      </originaltripleset>
      <modifiedtripleset>
        <mtriple>Monocacy_National_Battlefield | location | Frederick_County,_Maryland</mtriple>
        <mtriple>14th_New_Jersey_Volunteer_Infantry_Monument | country | "United States"</mtriple>
        <mtriple>14th_New_Jersey_Volunteer_Infantry_Monument | category | Historic_districts_in_the_United_States</mtriple>
        <mtriple>14th_New_Jersey_Volunteer_Infantry_Monument | district | Monocacy_National_Battlefield</mtriple>
        <mtriple>Monocacy_National_Battlefield | nearestCity | Frederick,_Maryland</mtriple>
      </modifiedtripleset>
      <lex comment="good" lid="Id1">The 14th New Jersey Volunteer Infantry Monument is located in the district of the Monocacy National Battlefield, Frederick County, Maryland and is categorised as a historic district in the United States. Frederick is the closest city to the battlefield.</lex>
      <lex comment="good" lid="Id2">The 14th New Jersey Volunteer Infantry Monument is located on the Monocacy National Battlefield, Frederick County, Maryland and is categorised as a historic district in the United States. The closest city to the battlefield is Frederick.</lex>
      <lex comment="good" lid="Id3">The 14th New Jersey Volunteer Infantry Monument is a historic district and is found at the Monocacy National Battlefield in Frederick County, Maryland, U.S.A. The nearest city to the battlefield is Frederick.</lex>
    </entry>
    <entry category="Monument" eid="Id36" shape="(X (X) (X) (X (X) (X)))" shape_type="mixed" size="5">
      <originaltripleset>
        <otriple>Monocacy_National_Battlefield | location | Frederick_County,_Maryland</otriple>
        <otriple>14th_New_Jersey_Volunteer_Infantry_Monument | district | Monocacy_National_Battlefield</otriple>
        <otriple>14th_New_Jersey_Volunteer_Infantry_Monument | owner | National_Park_Service</otriple>
        <otriple>Monocacy_National_Battlefield | nearestCity | Frederick,_Maryland</otriple>
        <otriple>14th_New_Jersey_Volunteer_Infantry_Monument | foundingDate | "1907-07-11"^^xsd:date</otriple>
      </originaltripleset>
      <modifiedtripleset>
        <mtriple>Monocacy_National_Battlefield | location | Frederick_County,_Maryland</mtriple>
        <mtriple>14th_New_Jersey_Volunteer_Infantry_Monument | district | Monocacy_National_Battlefield</mtriple>
        <mtriple>14th_New_Jersey_Volunteer_Infantry_Monument | owner | National_Park_Service</mtriple>
        <mtriple>Monocacy_National_Battlefield | nearestCity | Frederick,_Maryland</mtriple>
        <mtriple>14th_New_Jersey_Volunteer_Infantry_Monument | foundingDate | "1907-07-11"</mtriple>
      </modifiedtripleset>
      <lex comment="good" lid="Id1">The city of Frederick, Maryland is the nearest city to the Monocacy National Battlefield, Frederick County, where the 14th New Jersey Volunteer Infantry monument is located. The founding date of the memorial was 11 July 1907 and it is looked after by the National Park Service.</lex>
      <lex comment="good" lid="Id2">A memorial in honour of the 14th New Jersey Volunteer Infantry was founded on 11th July, 1907. The monument is located in the Monocacy National Battlefield (Frederick County, Maryland), which is owned by the National Park service. The Battlefield has Frederick, Maryland as the nearest city.</lex>
    </entry>
    <entry category="Monument" eid="Id37" shape="(X (X) (X) (X) (X (X)))" shape_type="mixed" size="5">
      <originaltripleset>
        <otriple>Monocacy_National_Battlefield | location | Frederick_County,_Maryland</otriple>
        <otriple>14th_New_Jersey_Volunteer_Infantry_Monument | established | "1907-07-11"^^xsd:date</otriple>
        <otriple>14th_New_Jersey_Volunteer_Infantry_Monument | category | Historic_districts_in_the_United_States</otriple>
        <otriple>14th_New_Jersey_Volunteer_Infantry_Monument | district | Monocacy_National_Battlefield</otriple>
        <otriple>14th_New_Jersey_Volunteer_Infantry_Monument | owningOrganisation | National_Park_Service</otriple>
      </originaltripleset>
      <modifiedtripleset>
        <mtriple>Monocacy_National_Battlefield | location | Frederick_County,_Maryland</mtriple>
        <mtriple>14th_New_Jersey_Volunteer_Infantry_Monument | established | "1907-07-11"</mtriple>
        <mtriple>14th_New_Jersey_Volunteer_Infantry_Monument | category | Historic_districts_in_the_United_States</mtriple>
        <mtriple>14th_New_Jersey_Volunteer_Infantry_Monument | district | Monocacy_National_Battlefield</mtriple>
        <mtriple>14th_New_Jersey_Volunteer_Infantry_Monument | owningOrganisation | National_Park_Service</mtriple>
      </modifiedtripleset>
      <lex comment="good" lid="Id1">Frederick County, Maryland is the location of the Monocacy National Battlefield where the 14th New Jersey Volunteer Infantry monument is located. It was established on 11 July 1907 being provided by the National Park Service and is categorised as a historic district in the United States.</lex>
      <lex comment="good" lid="Id2">The 14th New Jersey Volunteer Infantry Monument which was established 1907-07-11 is found in the Monocacy National Battlefield, Frederick County, Maryland. The monument has been provided by the National Park Service and belongs to the category of Historic districts in the United States.</lex>
    </entry>
    <entry category="Monument" eid="Id38" shape="(X (X) (X) (X (X) (X)))" shape_type="mixed" size="5">
      <originaltripleset>
        <otriple>Monocacy_National_Battlefield | location | Frederick_County,_Maryland</otriple>
        <otriple>14th_New_Jersey_Volunteer_Infantry_Monument | established | "1907-07-11"^^xsd:date</otriple>
        <otriple>14th_New_Jersey_Volunteer_Infantry_Monument | category | Historic_districts_in_the_United_States</otriple>
        <otriple>14th_New_Jersey_Volunteer_Infantry_Monument | district | Monocacy_National_Battlefield</otriple>
        <otriple>Monocacy_National_Battlefield | nearestCity | Frederick,_Maryland</otriple>
      </originaltripleset>
      <modifiedtripleset>
        <mtriple>Monocacy_National_Battlefield | location | Frederick_County,_Maryland</mtriple>
        <mtriple>14th_New_Jersey_Volunteer_Infantry_Monument | established | "1907-07-11"</mtriple>
        <mtriple>14th_New_Jersey_Volunteer_Infantry_Monument | category | Historic_districts_in_the_United_States</mtriple>
        <mtriple>14th_New_Jersey_Volunteer_Infantry_Monument | district | Monocacy_National_Battlefield</mtriple>
        <mtriple>Monocacy_National_Battlefield | nearestCity | Frederick,_Maryland</mtriple>
      </modifiedtripleset>
      <lex comment="good" lid="Id1">Frederick city in Frederick County, Maryland is the nearest city to the Monocacy National Battlefield which is the location of the 14th New Jersey Volunteer Infantry monument. The monument was established on 11 July 1907 and belongs to the category of historic districts in the United States.</lex>
      <lex comment="good" lid="Id2">The city of Frederick, Maryland in Frederick county is the nearest city to the location of the 14th New Jersey Volunteer Infantry monument at Monocacy National Battlefield. The monument was established on 11 July 1907 and belongs to the category of the historic districts of the United States.</lex>
      <lex comment="good" lid="Id3">The 14th New Jersey Volunteer Infantry monument which belongs to the category of historic districts in the United States, was established on 11 July 1907 within the Monocacy National Battlefield in Frederick County Maryland. The nearest city to the battlefield is Frederick.</lex>
    </entry>
    <entry category="Monument" eid="Id39" shape="(X (X) (X) (X) (X (X)))" shape_type="mixed" size="5">
      <originaltripleset>
        <otriple>Monocacy_National_Battlefield | location | Frederick_County,_Maryland</otriple>
        <otriple>14th_New_Jersey_Volunteer_Infantry_Monument | established | "1907-07-11"^^xsd:date</otriple>
        <otriple>14th_New_Jersey_Volunteer_Infantry_Monument | country | "United States"@en</otriple>
        <otriple>14th_New_Jersey_Volunteer_Infantry_Monument | category | Historic_districts_in_the_United_States</otriple>
        <otriple>14th_New_Jersey_Volunteer_Infantry_Monument | district | Monocacy_National_Battlefield</otriple>
      </originaltripleset>
      <modifiedtripleset>
        <mtriple>Monocacy_National_Battlefield | location | Frederick_County,_Maryland</mtriple>
        <mtriple>14th_New_Jersey_Volunteer_Infantry_Monument | established | "1907-07-11"</mtriple>
        <mtriple>14th_New_Jersey_Volunteer_Infantry_Monument | country | "United States"</mtriple>
        <mtriple>14th_New_Jersey_Volunteer_Infantry_Monument | category | Historic_districts_in_the_United_States</mtriple>
        <mtriple>14th_New_Jersey_Volunteer_Infantry_Monument | district | Monocacy_National_Battlefield</mtriple>
      </modifiedtripleset>
      <lex comment="good" lid="Id1">The Monocacy National Battlefield is found in Frederick County, Maryland. The 14th New Jersey Volunteer Infantry Monument was established on July 11th, 1907 and can be found in the Monocacy National Battlefield. The monument is part of the category of Historic districts in the United States.</lex>
      <lex comment="good" lid="Id2">The 14th New Jersey Volunteer Infantry Monument is located in the district of the Monocacy National Battlefield, Frederick County, United States. It was established on 11 July 1907 and is categorised as a historic district.</lex>
    </entry>
    <entry category="Monument" eid="Id40" shape="(X (X) (X) (X (X) (X)))" shape_type="mixed" size="5">
      <originaltripleset>
        <otriple>Monocacy_National_Battlefield | location | Frederick_County,_Maryland</otriple>
        <otriple>14th_New_Jersey_Volunteer_Infantry_Monument | established | "1907-07-11"^^xsd:date</otriple>
        <otriple>14th_New_Jersey_Volunteer_Infantry_Monument | district | Monocacy_National_Battlefield</otriple>
        <otriple>Monocacy_National_Battlefield | nearestCity | Frederick,_Maryland</otriple>
        <otriple>14th_New_Jersey_Volunteer_Infantry_Monument | owningOrganisation | National_Park_Service</otriple>
      </originaltripleset>
      <modifiedtripleset>
        <mtriple>Monocacy_National_Battlefield | location | Frederick_County,_Maryland</mtriple>
        <mtriple>14th_New_Jersey_Volunteer_Infantry_Monument | established | "1907-07-11"</mtriple>
        <mtriple>14th_New_Jersey_Volunteer_Infantry_Monument | district | Monocacy_National_Battlefield</mtriple>
        <mtriple>Monocacy_National_Battlefield | nearestCity | Frederick,_Maryland</mtriple>
        <mtriple>14th_New_Jersey_Volunteer_Infantry_Monument | owningOrganisation | National_Park_Service</mtriple>
      </modifiedtripleset>
      <lex comment="good" lid="Id1">The 14th New Jersey Volunteer Infantry Monument established 11th July 1907 is located on the Monocacy National Battlefield, Frederick County, Maryland. The National Park Service is responsible for its upkeep.</lex>
      <lex comment="good" lid="Id2">The 14th New Jersey Volunteer Infantry Monument by the National Park Service, located in the Monocacy National Battlefield was established in 1907-07-11. The Monocacy National Battlefield is located in Frederick County, Maryland and the nearest city to it is Frederick, Maryland.</lex>
    </entry>
    <entry category="Monument" eid="Id41" shape="(X (X) (X) (X (X) (X)))" shape_type="mixed" size="5">
      <originaltripleset>
        <otriple>Turkey | leader | Ahmet_Davutoğlu</otriple>
        <otriple>Atatürk_Monument_(İzmir) | designer | Pietro_Canonica</otriple>
        <otriple>Turkey | capital | Ankara</otriple>
        <otriple>Atatürk_Monument_(İzmir) | open | "1932-07-27"^^xsd:date</otriple>
        <otriple>Atatürk_Monument_(İzmir) | location | Turkey</otriple>
      </originaltripleset>
      <modifiedtripleset>
        <mtriple>Turkey | leader | Ahmet_Davutoğlu</mtriple>
        <mtriple>Atatürk_Monument_(İzmir) | designer | Pietro_Canonica</mtriple>
        <mtriple>Turkey | capital | Ankara</mtriple>
        <mtriple>Atatürk_Monument_(İzmir) | inaugurationDate | "1932-07-27"</mtriple>
        <mtriple>Atatürk_Monument_(İzmir) | location | Turkey</mtriple>
      </modifiedtripleset>
      <lex comment="good" lid="Id1">The Ataturk monument (Izmir) which was designed by Pietro Canonica is located in Turkey. The country's leader is Ahmet Davutoglu and the capital is Ankara. The monument was inaugurated on 27 July 1932.</lex>
      <lex comment="good" lid="Id2">Ataturk monument, which was designed by Pietro Canonica is located in Izmur, Turkey where its inauguration took place on 27 July 1932. The capital of Turkey is Ankara and the leader is Ahmet Davutoglu.</lex>
      <lex comment="good" lid="Id3">The Atatürk Monument (İzmir), located in Turkey, was designed by Pietro Canonica. Led by Ahmet Davutoğlu, the Monument can be found in Ankara, the capital of Turkey. The Monument was inaugurated on July 27th, 1932.</lex>
    </entry>
    <entry category="Monument" eid="Id42" shape="(X (X (X) (X) (X) (X)))" shape_type="mixed" size="5">
      <originaltripleset>
        <otriple>Turkey | leader | Ahmet_Davutoğlu</otriple>
        <otriple>Turkey | capital | Ankara</otriple>
        <otriple>Turkey | largestCity | Istanbul</otriple>
        <otriple>Turkey | currency | Turkish_lira</otriple>
        <otriple>Atatürk_Monument_(İzmir) | location | Turkey</otriple>
      </originaltripleset>
      <modifiedtripleset>
        <mtriple>Turkey | leader | Ahmet_Davutoğlu</mtriple>
        <mtriple>Turkey | capital | Ankara</mtriple>
        <mtriple>Turkey | largestCity | Istanbul</mtriple>
        <mtriple>Turkey | currency | Turkish_lira</mtriple>
        <mtriple>Atatürk_Monument_(İzmir) | location | Turkey</mtriple>
      </modifiedtripleset>
      <lex comment="good" lid="Id1">The capital of Turkey is Ankara, although the largest city is Istanbul. The leader of Turkey is Ahmet Davutoglu and the currency is known as the Turkish lira. The Ataturk monument is located within the country.</lex>
      <lex comment="good" lid="Id2">Ankara is Turkey's capital city and the country's leader is Ahmet Davutoglu. Istanbul is the largest city in Turkey. The country's currency is the Turkish Lira and the Atatürk Monument is located in the country.</lex>
      <lex comment="good" lid="Id3">Turkey's capital is Ankara though its largest city is Istanbul. The Leader Of Turkey is Ahmet Davutoğlu and the currency is the Turkish Lira. İzmir in Turkey is where you will find the Atatürk Monument.</lex>
    </entry>
    <entry category="Monument" eid="Id43" shape="(X (X) (X (X) (X) (X)))" shape_type="mixed" size="5">
      <originaltripleset>
        <otriple>Turkey | leaderName | Ahmet_Davutoğlu</otriple>
        <otriple>Turkey | capital | Ankara</otriple>
        <otriple>Turkey | largestCity | Istanbul</otriple>
        <otriple>Atatürk_Monument_(İzmir) | open | "1932-07-27"^^xsd:date</otriple>
        <otriple>Atatürk_Monument_(İzmir) | location | Turkey</otriple>
      </originaltripleset>
      <modifiedtripleset>
        <mtriple>Turkey | leaderName | Ahmet_Davutoğlu</mtriple>
        <mtriple>Turkey | capital | Ankara</mtriple>
        <mtriple>Turkey | largestCity | Istanbul</mtriple>
        <mtriple>Atatürk_Monument_(İzmir) | inaugurationDate | "1932-07-27"</mtriple>
        <mtriple>Atatürk_Monument_(İzmir) | location | Turkey</mtriple>
      </modifiedtripleset>
      <lex comment="good" lid="Id1">The Atatürk Monument located in İzmir, Turkey was inaugurated on 27th July, 1932. The capital of Turkey is Ankara and Istanbul is the largest city. Ahmet Davutoğlu is the leader of Turkey .</lex>
      <lex comment="good" lid="Id2">Turkey's largest City is Istanbul and the capital is Ankara. The leader's name is Ahmet Davutoğlu. The Atatürk Monument of Turkey was inaugurated on July 27th, 1932.</lex>
    </entry>
    <entry category="Monument" eid="Id44" shape="(X (X) (X (X) (X) (X)))" shape_type="mixed" size="5">
      <originaltripleset>
        <otriple>Turkey | leaderTitle | President_of_Turkey</otriple>
        <otriple>Turkey | leader | Ahmet_Davutoğlu</otriple>
        <otriple>Turkey | capital | Ankara</otriple>
        <otriple>Atatürk_Monument_(İzmir) | open | "1932-07-27"^^xsd:date</otriple>
        <otriple>Atatürk_Monument_(İzmir) | location | Turkey</otriple>
      </originaltripleset>
      <modifiedtripleset>
        <mtriple>Turkey | leaderTitle | President_of_Turkey</mtriple>
        <mtriple>Turkey | leader | Ahmet_Davutoğlu</mtriple>
        <mtriple>Turkey | capital | Ankara</mtriple>
        <mtriple>Atatürk_Monument_(İzmir) | inaugurationDate | "1932-07-27"</mtriple>
        <mtriple>Atatürk_Monument_(İzmir) | location | Turkey</mtriple>
      </modifiedtripleset>
      <lex comment="good" lid="Id1">Ankara is the capital of Turkey where the official title of the leader is the President of Turkey who is Ahmet Davutoglu. The Ataturk monument (Izmir) was inaugurated in the country on 27 July 1932.</lex>
      <lex comment="good" lid="Id2">Turkey's leader and President is Ahmet Davutoglu. The Atatürk Monument of Turkey (capital Ankara) was inaugurated on July 27th, 1932.</lex>
      <lex comment="good" lid="Id3">Ahmet Davutoğlu is Turkey's leader and his title is The President. Atatürk Monument is located in İzmir, Turkey (capital Ankara) and was inaugurated on 27th of July, 1932.</lex>
    </entry>
    <entry category="Monument" eid="Id45" shape="(X (X (X) (X) (X) (X)))" shape_type="mixed" size="5">
      <originaltripleset>
        <otriple>Turkey | leaderTitle | President_of_Turkey</otriple>
        <otriple>Turkey | leaderName | Ahmet_Davutoğlu</otriple>
        <otriple>Turkey | capital | Ankara</otriple>
        <otriple>Turkey | currency | Turkish_lira</otriple>
        <otriple>Atatürk_Monument_(İzmir) | location | Turkey</otriple>
      </originaltripleset>
      <modifiedtripleset>
        <mtriple>Turkey | leaderTitle | President_of_Turkey</mtriple>
        <mtriple>Turkey | leaderName | Ahmet_Davutoğlu</mtriple>
        <mtriple>Turkey | capital | Ankara</mtriple>
        <mtriple>Turkey | currency | Turkish_lira</mtriple>
        <mtriple>Atatürk_Monument_(İzmir) | location | Turkey</mtriple>
      </modifiedtripleset>
      <lex comment="good" lid="Id1">Ankara is the capital of Turkey, where the Atatürk Monument (İzmir) can be found. Turkey's currency is the Turkish lira and the President and leader is Ahmet Davutoglu.</lex>
      <lex comment="good" lid="Id2">Turkey's leader and therefore President is Ahmet Davutoğlu. The capital of Turkey is Ankara and the currency used in the country is the Turkish Lira. The Atatürk Monument (İzmir) can be found in Turkey.</lex>
    </entry>
  </entries>
</benchmark>
