<?xml version='1.0' encoding='utf-8'?>
<benchmark>
  <entries>
    <entry category="Monument" eid="Id1" size="4">
      <originaltripleset>
        <otriple>11th_Mississippi_Infantry_Monument | country | "United States"@en</otriple>
        <otriple>11th_Mississippi_Infantry_Monument | established | 2000</otriple>
        <otriple>11th_Mississippi_Infantry_Monument | category | Contributing_property</otriple>
        <otriple>11th_Mississippi_Infantry_Monument | municipality | Gettysburg,_Pennsylvania</otriple>
      </originaltripleset>
      <modifiedtripleset>
        <mtriple>11th_Mississippi_Infantry_Monument | country | "United States"</mtriple>
        <mtriple>11th_Mississippi_Infantry_Monument | established | 2000</mtriple>
        <mtriple>11th_Mississippi_Infantry_Monument | category | Contributing_property</mtriple>
        <mtriple>11th_Mississippi_Infantry_Monument | municipality | Gettysburg,_Pennsylvania</mtriple>
      </modifiedtripleset>
      <lex comment="good" lid="Id1">The 11th Mississippi Infantry Monument in Gettysburg, Pennsylvania of the U.S.A., is considered a contributing property and was erected in 2000.</lex>
      </entry>
    <entry category="Monument" eid="Id2" size="4">
      <originaltripleset>
        <otriple>11th_Mississippi_Infantry_Monument | country | "United States"@en</otriple>
        <otriple>11th_Mississippi_Infantry_Monument | region | Adams_County,_Pennsylvania</otriple>
        <otriple>11th_Mississippi_Infantry_Monument | established | 2000</otriple>
        <otriple>11th_Mississippi_Infantry_Monument | category | Contributing_property</otriple>
      </originaltripleset>
      <modifiedtripleset>
        <mtriple>11th_Mississippi_Infantry_Monument | country | "United States"</mtriple>
        <mtriple>11th_Mississippi_Infantry_Monument | location | Adams_County,_Pennsylvania</mtriple>
        <mtriple>11th_Mississippi_Infantry_Monument | established | 2000</mtriple>
        <mtriple>11th_Mississippi_Infantry_Monument | category | Contributing_property</mtriple>
      </modifiedtripleset>
      <lex comment="good" lid="Id1">In 2000 a monument was erected to the 11th Mississippi Infantry in Adams County, Pennsylvania, US. It is now under the categorisation of Contributing Property.</lex>
      <lex comment="good" lid="Id2">A monument to the 11th Mississippi Infantry was erected in 2000 and is located in Adams County, Pennsylvania. It is categorized as a Contributing Property to the United States.</lex>
      <lex comment="good" lid="Id3">The 11th Mississippi Infantry Monument is a Contributing Property erected in 2000, and located in Adams County, Pennsylvania, in the United States.</lex>
    </entry>
    <entry category="Monument" eid="Id3" size="4">
      <originaltripleset>
        <otriple>11th_Mississippi_Infantry_Monument | country | "United States"@en</otriple>
        <otriple>Adams_County,_Pennsylvania | southeast | Carroll_County,_Maryland</otriple>
        <otriple>Adams_County,_Pennsylvania | north | Cumberland_County,_Pennsylvania</otriple>
        <otriple>11th_Mississippi_Infantry_Monument | region | Adams_County,_Pennsylvania</otriple>
      </originaltripleset>
      <modifiedtripleset>
        <mtriple>11th_Mississippi_Infantry_Monument | country | "United States"</mtriple>
        <mtriple>Adams_County,_Pennsylvania | has to its southeast | Carroll_County,_Maryland</mtriple>
        <mtriple>Adams_County,_Pennsylvania | has to its north | Cumberland_County,_Pennsylvania</mtriple>
        <mtriple>11th_Mississippi_Infantry_Monument | location | Adams_County,_Pennsylvania</mtriple>
      </modifiedtripleset>
      <lex comment="good" lid="Id1">Adams County in Pennsylvania is located to the south of Cumberland County and northwest of Carroll County, Maryland. It is the location of the 11th Mississippi Infantry monument.</lex>
      <lex comment="good" lid="Id2">The 11th Mississippi Infantry Monument is located in Adams County, Pennsylvania with Cumberland County lying to the north and Carroll County, Maryland to the southeast.</lex>
    </entry>
    <entry category="Monument" eid="Id4" size="4">
      <originaltripleset>
        <otriple>11th_Mississippi_Infantry_Monument | country | "United States"@en</otriple>
        <otriple>Adams_County,_Pennsylvania | west | Franklin_County,_Pennsylvania</otriple>
        <otriple>Adams_County,_Pennsylvania | southwest | Frederick_County,_Maryland</otriple>
        <otriple>11th_Mississippi_Infantry_Monument | region | Adams_County,_Pennsylvania</otriple>
      </originaltripleset>
      <modifiedtripleset>
        <mtriple>11th_Mississippi_Infantry_Monument | country | "United States"</mtriple>
        <mtriple>Adams_County,_Pennsylvania | has to its west | Franklin_County,_Pennsylvania</mtriple>
        <mtriple>Adams_County,_Pennsylvania | has to its southwest | Frederick_County,_Maryland</mtriple>
        <mtriple>11th_Mississippi_Infantry_Monument | location | Adams_County,_Pennsylvania</mtriple>
      </modifiedtripleset>
      <lex comment="good" lid="Id1">The 11th Mississippi Infantry Monument's location is Adams County, Pennsylvania, United States. To the west of Adams County is Franklin County and to the southwest is Frederick County, Maryland.</lex>
      <lex comment="good" lid="Id2">The 11th Mississippi Infantry Monument is located in Adams County, Pennsylvania, in the United States, and has Franklin County to its west and Frederick County, Maryland to its southwest.</lex>
    </entry>
    <entry category="Monument" eid="Id5" size="4">
      <originaltripleset>
        <otriple>11th_Mississippi_Infantry_Monument | region | Adams_County,_Pennsylvania</otriple>
        <otriple>11th_Mississippi_Infantry_Monument | established | 2000</otriple>
        <otriple>11th_Mississippi_Infantry_Monument | category | Contributing_property</otriple>
        <otriple>11th_Mississippi_Infantry_Monument | municipality | Gettysburg,_Pennsylvania</otriple>
      </originaltripleset>
      <modifiedtripleset>
        <mtriple>11th_Mississippi_Infantry_Monument | location | Adams_County,_Pennsylvania</mtriple>
        <mtriple>11th_Mississippi_Infantry_Monument | established | 2000</mtriple>
        <mtriple>11th_Mississippi_Infantry_Monument | category | Contributing_property</mtriple>
        <mtriple>11th_Mississippi_Infantry_Monument | municipality | Gettysburg,_Pennsylvania</mtriple>
      </modifiedtripleset>
      <lex comment="good" lid="Id1">11th Mississippi Infantry Monument's location is Adams County, Pennsylvania, was established in 2000 and falls under the category of Contributing property. The 11th Mississippi Infantry Monument is in the municipality of Gettysburg , Pennsylvania.</lex>
      <lex comment="good" lid="Id2">The municipality of Gettysburg in Adams County, Pennsylvania is the location of the 11th Mississippi Infantry monument which was erected in 2000 and categorised as contributing property.</lex>
      <lex comment="good" lid="Id3">Categorized as a contributing property, the 11th Mississippi Infantry Monument was established in 2000 in Gettysburg, Adams County, Pennsylvania.</lex>
    </entry>
    <entry category="Monument" eid="Id6" size="4">
      <originaltripleset>
        <otriple>11th_Mississippi_Infantry_Monument | region | Adams_County,_Pennsylvania</otriple>
        <otriple>11th_Mississippi_Infantry_Monument | state | "Pennsylvania"@en</otriple>
        <otriple>11th_Mississippi_Infantry_Monument | established | 2000</otriple>
        <otriple>11th_Mississippi_Infantry_Monument | category | Contributing_property</otriple>
      </originaltripleset>
      <modifiedtripleset>
        <mtriple>11th_Mississippi_Infantry_Monument | location | Adams_County,_Pennsylvania</mtriple>
        <mtriple>11th_Mississippi_Infantry_Monument | state | "Pennsylvania"</mtriple>
        <mtriple>11th_Mississippi_Infantry_Monument | established | 2000</mtriple>
        <mtriple>11th_Mississippi_Infantry_Monument | category | Contributing_property</mtriple>
      </modifiedtripleset>
      <lex comment="good" lid="Id1">In 2000 the 11th Mississippi Infantry monument was erected in Adams County, Pennsylvania. It is categorised as contributing property.</lex>
      <lex comment="good" lid="Id2">The 11th Mississippi Infantry Monument (established in 2000) is a contributing property located in Adams County, Pennsylvania.</lex>
      <lex comment="good" lid="Id3">The 11th Mississippi Infantry Monument was erected in 2000 in Adams County, Pennsylvania and is categorized as a Contributing Property.</lex>
    </entry>
    <entry category="Monument" eid="Id7" size="4">
      <originaltripleset>
        <otriple>11th_Mississippi_Infantry_Monument | range | Seminary_Ridge</otriple>
        <otriple>11th_Mississippi_Infantry_Monument | region | Adams_County,_Pennsylvania</otriple>
        <otriple>11th_Mississippi_Infantry_Monument | category | Contributing_property</otriple>
        <otriple>11th_Mississippi_Infantry_Monument | municipality | Gettysburg,_Pennsylvania</otriple>
      </originaltripleset>
      <modifiedtripleset>
        <mtriple>11th_Mississippi_Infantry_Monument | location | Seminary_Ridge</mtriple>
        <mtriple>11th_Mississippi_Infantry_Monument | location | Adams_County,_Pennsylvania</mtriple>
        <mtriple>11th_Mississippi_Infantry_Monument | category | Contributing_property</mtriple>
        <mtriple>11th_Mississippi_Infantry_Monument | municipality | Gettysburg,_Pennsylvania</mtriple>
      </modifiedtripleset>
      <lex comment="good" lid="Id1">The 11th Mississippi Infantry Monument is a Contributing Property located at the Seminary Ridge in Adams County in the municipality of Gettysburg, Pennsylvania.</lex>
      <lex comment="good" lid="Id2">The 11th Mississippi Infantry Monument in Gettysburg, Pennsylvania, which is part of Adams County and a contributing property, is in Seminary Ridge.</lex>
      <lex comment="good" lid="Id3">The 11th Mississippi Infantry Monument's location is in the Seminary Ridge, Adams County, Gettysburg Pennsylvania and is categorised as a contributing property.</lex>
    </entry>
    <entry category="Monument" eid="Id8" size="4">
      <originaltripleset>
        <otriple>11th_Mississippi_Infantry_Monument | range | Seminary_Ridge</otriple>
        <otriple>11th_Mississippi_Infantry_Monument | state | "Pennsylvania"@en</otriple>
        <otriple>11th_Mississippi_Infantry_Monument | established | 2000</otriple>
        <otriple>11th_Mississippi_Infantry_Monument | category | Contributing_property</otriple>
      </originaltripleset>
      <modifiedtripleset>
        <mtriple>11th_Mississippi_Infantry_Monument | location | Seminary_Ridge</mtriple>
        <mtriple>11th_Mississippi_Infantry_Monument | state | "Pennsylvania"</mtriple>
        <mtriple>11th_Mississippi_Infantry_Monument | established | 2000</mtriple>
        <mtriple>11th_Mississippi_Infantry_Monument | category | Contributing_property</mtriple>
      </modifiedtripleset>
      <lex comment="good" lid="Id1">Falling under the category of Contributing property and completed in 2000, the 11th Mississippi Infantry monument is located at Seminary Ridge, Pennsylvania.</lex>
      <lex comment="good" lid="Id2">The 11th Mississippi Infantry Monument is a Contributing Property established in 2000 and located at the Seminary Ridge in the state of Pennsylvania.</lex>
      <lex comment="good" lid="Id3">The 11th Mississippi Infantry Monument is a contributing property established in 2000, and found at the Seminary Ridge in Pennsylvania.</lex>
    </entry>
    <entry category="Monument" eid="Id9" size="4">
      <originaltripleset>
        <otriple>11th_Mississippi_Infantry_Monument | state | "Pennsylvania"@en</otriple>
        <otriple>11th_Mississippi_Infantry_Monument | established | 2000</otriple>
        <otriple>11th_Mississippi_Infantry_Monument | category | Contributing_property</otriple>
        <otriple>11th_Mississippi_Infantry_Monument | municipality | Gettysburg,_Pennsylvania</otriple>
      </originaltripleset>
      <originaltripleset>
        <otriple>11th_Mississippi_Infantry_Monument | established | 2000</otriple>
        <otriple>11th_Mississippi_Infantry_Monument | state | "Pennsylvania"@en</otriple>
        <otriple>11th_Mississippi_Infantry_Monument | category | Contributing_property</otriple>
        <otriple>11th_Mississippi_Infantry_Monument | municipality | Gettysburg,_Pennsylvania</otriple>
      </originaltripleset>
      <modifiedtripleset>
        <mtriple>11th_Mississippi_Infantry_Monument | state | "Pennsylvania"</mtriple>
        <mtriple>11th_Mississippi_Infantry_Monument | established | 2000</mtriple>
        <mtriple>11th_Mississippi_Infantry_Monument | category | Contributing_property</mtriple>
        <mtriple>11th_Mississippi_Infantry_Monument | municipality | Gettysburg,_Pennsylvania</mtriple>
      </modifiedtripleset>
      <lex comment="good" lid="Id1">The 11th Mississippi Infantry monument is located in Gettysburg, Pennsylvania. It was erected in 2000 and categorised as contributing property.</lex>
      <lex comment="good" lid="Id2">The 11th Mississippi Infantry Monument in Gettysburg, Pennsylvania was established in 2000 and falls under the category of Contributing property..</lex>
      <lex comment="good" lid="Id3">The 11th Mississippi Infantry Monument is located in Gettysburg, Pennsylvania. It was established in 2000 and falls under the category of Contributing property.</lex>
    </entry>
    <entry category="Monument" eid="Id10" size="4">
      <originaltripleset>
        <otriple>14th_New_Jersey_Volunteer_Infantry_Monument | category | Historic_districts_in_the_United_States</otriple>
        <otriple>14th_New_Jersey_Volunteer_Infantry_Monument | district | Monocacy_National_Battlefield</otriple>
        <otriple>14th_New_Jersey_Volunteer_Infantry_Monument | owningOrganisation | National_Park_Service</otriple>
        <otriple>14th_New_Jersey_Volunteer_Infantry_Monument | established | "1907-07-11"^^xsd:date</otriple>
      </originaltripleset>
      <modifiedtripleset>
        <mtriple>14th_New_Jersey_Volunteer_Infantry_Monument | category | Historic_districts_in_the_United_States</mtriple>
        <mtriple>14th_New_Jersey_Volunteer_Infantry_Monument | district | Monocacy_National_Battlefield</mtriple>
        <mtriple>14th_New_Jersey_Volunteer_Infantry_Monument | owningOrganisation | National_Park_Service</mtriple>
        <mtriple>14th_New_Jersey_Volunteer_Infantry_Monument | established | "1907-07-11"</mtriple>
      </modifiedtripleset>
      <lex comment="good" lid="Id1">The 14th New Jersey Volunteer Infantry Monument (established 1907-07-11) at the Monocacy National Battlefield is categorised as a Historic district in the United States, and was provided by the National Park Service.</lex>
      <lex comment="good" lid="Id2">The 14th New Jersey Volunteer Infantry Monument is a historic district in the United States, and was established on 11th July 1907 at the Monocacy National Battlefield, where it is owned by the National Park Service.</lex>
      <lex comment="good" lid="Id3">On 11 July 1907 the 14th New Jersey Volunteer Infantry monument was established by the National Park Service in the Monocacy National Battlefield. It now belongs to the category of historic districts within the US.</lex>
    </entry>
    <entry category="Monument" eid="Id11" size="4">
      <originaltripleset>
        <otriple>14th_New_Jersey_Volunteer_Infantry_Monument | country | "United States"@en</otriple>
        <otriple>14th_New_Jersey_Volunteer_Infantry_Monument | category | Historic_districts_in_the_United_States</otriple>
        <otriple>14th_New_Jersey_Volunteer_Infantry_Monument | district | Monocacy_National_Battlefield</otriple>
        <otriple>14th_New_Jersey_Volunteer_Infantry_Monument | established | "1907-07-11"^^xsd:date</otriple>
      </originaltripleset>
      <modifiedtripleset>
        <mtriple>14th_New_Jersey_Volunteer_Infantry_Monument | country | "United States"</mtriple>
        <mtriple>14th_New_Jersey_Volunteer_Infantry_Monument | category | Historic_districts_in_the_United_States</mtriple>
        <mtriple>14th_New_Jersey_Volunteer_Infantry_Monument | district | Monocacy_National_Battlefield</mtriple>
        <mtriple>14th_New_Jersey_Volunteer_Infantry_Monument | established | "1907-07-11"</mtriple>
      </modifiedtripleset>
      <lex comment="good" lid="Id1">The 14th New Jersey Volunteer Infantry Monument in the Historic District of the Monocacy National Battlefield was established on July 11th, 1907.</lex>
      <lex comment="good" lid="Id2">The 14th New Jersey Volunteer Infantry monument is located in the United States within the Monocacy National Battlefield. It was established on 11 July 1907 and is categorised as a historic district.</lex>
      <lex comment="good" lid="Id3">The 14th New Jersey Volunteer Infantry Monument (established on 11th July 1907) is located on the Monocacy National Battlefield in the United States, where it is categorised as a historic district.</lex>
    </entry>
    <entry category="Monument" eid="Id12" size="4">
      <originaltripleset>
        <otriple>14th_New_Jersey_Volunteer_Infantry_Monument | country | "United States"@en</otriple>
        <otriple>14th_New_Jersey_Volunteer_Infantry_Monument | category | Historic_districts_in_the_United_States</otriple>
        <otriple>14th_New_Jersey_Volunteer_Infantry_Monument | owningOrganisation | National_Park_Service</otriple>
        <otriple>14th_New_Jersey_Volunteer_Infantry_Monument | established | "1907-07-11"^^xsd:date</otriple>
      </originaltripleset>
      <modifiedtripleset>
        <mtriple>14th_New_Jersey_Volunteer_Infantry_Monument | country | "United States"</mtriple>
        <mtriple>14th_New_Jersey_Volunteer_Infantry_Monument | category | Historic_districts_in_the_United_States</mtriple>
        <mtriple>14th_New_Jersey_Volunteer_Infantry_Monument | owningOrganisation | National_Park_Service</mtriple>
        <mtriple>14th_New_Jersey_Volunteer_Infantry_Monument | established | "1907-07-11"</mtriple>
      </modifiedtripleset>
      <lex comment="good" lid="Id1">The 14th New Jersey Volunteer Infantry Monument was established in 1907-07-11 and is categorised as a historic district in the United States. The National Park Service has responsibility for this monument.</lex>
      <lex comment="good" lid="Id2">The 14th New Jersey Volunteer Infantry Monument, established 1907-07-11, is a historic district in the United States and owned by the National Park Service.</lex>
    </entry>
    <entry category="Monument" eid="Id13" size="4">
      <originaltripleset>
        <otriple>Adams_County,_Pennsylvania | north | Cumberland_County,_Pennsylvania</otriple>
        <otriple>Adams_County,_Pennsylvania | southwest | Frederick_County,_Maryland</otriple>
        <otriple>11th_Mississippi_Infantry_Monument | municipality | Gettysburg,_Pennsylvania</otriple>
        <otriple>11th_Mississippi_Infantry_Monument | region | Adams_County,_Pennsylvania</otriple>
      </originaltripleset>
      <modifiedtripleset>
        <mtriple>Adams_County,_Pennsylvania | has to its north | Cumberland_County,_Pennsylvania</mtriple>
        <mtriple>Adams_County,_Pennsylvania | has to its southwest | Frederick_County,_Maryland</mtriple>
        <mtriple>11th_Mississippi_Infantry_Monument | municipality | Gettysburg,_Pennsylvania</mtriple>
        <mtriple>11th_Mississippi_Infantry_Monument | location | Adams_County,_Pennsylvania</mtriple>
      </modifiedtripleset>
      <lex comment="good" lid="Id1">The municipality of Gettysburg is in Adams County of Pennsylvania which is located to the south of Cumberland County and north east of Adams County. It is the location of the 11th Mississippi Infantry monument.</lex>
      <lex comment="good" lid="Id2">Gettysburg in Adams County, Pennsylvania is the location of the 11th Mississippi Infantry monument . Adams County is south of Cumberland County and north east of Frederick County, Maryland.</lex>
      <lex comment="good" lid="Id3">The 11th Mississippi Infantry Monument is located in Adam County in the municipality of Gettysburg, Pennsylvania, with Cumberland County to its north, and Frederick County Maryland to its southwest.</lex>
      <lex comment="good" lid="Id4">The 11th Mississippi Infantry Monument is located in Gettysburg in Adams County, Pennsylvania, which has Cumberland county to its north and Frederick County, Maryland to its southwest.</lex>
    </entry>
    <entry category="Monument" eid="Id14" size="4">
      <originaltripleset>
        <otriple>Adams_County,_Pennsylvania | southeast | Carroll_County,_Maryland</otriple>
        <otriple>11th_Mississippi_Infantry_Monument | established | 2000</otriple>
        <otriple>Adams_County,_Pennsylvania | north | Cumberland_County,_Pennsylvania</otriple>
        <otriple>11th_Mississippi_Infantry_Monument | region | Adams_County,_Pennsylvania</otriple>
      </originaltripleset>
      <modifiedtripleset>
        <mtriple>Adams_County,_Pennsylvania | has to its southeast | Carroll_County,_Maryland</mtriple>
        <mtriple>11th_Mississippi_Infantry_Monument | established | 2000</mtriple>
        <mtriple>Adams_County,_Pennsylvania | has to its north | Cumberland_County,_Pennsylvania</mtriple>
        <mtriple>11th_Mississippi_Infantry_Monument | location | Adams_County,_Pennsylvania</mtriple>
      </modifiedtripleset>
      <lex comment="good" lid="Id1">The 11th Mississippi Infantry Monument, established in 2000, can be found in Adams County Pennsylvania. The county is bordered to the north by Cumberland county and to the southeast by Carol County.</lex>
      <lex comment="good" lid="Id2">In 2000 the 11th Mississippi Infantry monument was established in Adams County, Pennsylvania. This County is south of Cumberland County and to the northwest of Carroll County, Maryland.</lex>
      <lex comment="toFix" lid="Id3">11th Mississippi Infantry Monument was established in 2000 and is located in Adams County Pennsylvania, the north of which is which is Cumberland County and to its southeast is Carroll County, Maryland.</lex>
    </entry>
    <entry category="Monument" eid="Id15" size="4">
      <originaltripleset>
        <otriple>Adams_County,_Pennsylvania | southeast | Carroll_County,_Maryland</otriple>
        <otriple>Adams_County,_Pennsylvania | north | Cumberland_County,_Pennsylvania</otriple>
        <otriple>11th_Mississippi_Infantry_Monument | category | Contributing_property</otriple>
        <otriple>11th_Mississippi_Infantry_Monument | region | Adams_County,_Pennsylvania</otriple>
      </originaltripleset>
      <modifiedtripleset>
        <mtriple>Adams_County,_Pennsylvania | has to its southeast | Carroll_County,_Maryland</mtriple>
        <mtriple>Adams_County,_Pennsylvania | has to its north | Cumberland_County,_Pennsylvania</mtriple>
        <mtriple>11th_Mississippi_Infantry_Monument | category | Contributing_property</mtriple>
        <mtriple>11th_Mississippi_Infantry_Monument | location | Adams_County,_Pennsylvania</mtriple>
      </modifiedtripleset>
      <lex comment="good" lid="Id1">The 11th Mississippi Infantry Monument falls under the category of Contributing property and located in Adams County, Pennsylvania. Pennsylvania's Cumberland County is to the north of the Adams County while Carroll County Maryland is southeast of Adams County Pennsylvania.</lex>
      <lex comment="good" lid="Id2">The 11th Mississippi Infantry Monument is a contributing property located in Adams County, Pennsylvania, which has Cumberland County to its north and Carroll County, Maryland to its southeast.</lex>
      <lex comment="good" lid="Id3">The 11th Mississippi Infantry monument is categorised as contributing property and located in Adams County, Pennsylvania. This county is south of Cumberland County and northwest of Carroll County, Maryland.</lex>
    </entry>
    <entry category="Monument" eid="Id16" size="4">
      <originaltripleset>
        <otriple>Adams_County,_Pennsylvania | southeast | Carroll_County,_Maryland</otriple>
        <otriple>Adams_County,_Pennsylvania | north | Cumberland_County,_Pennsylvania</otriple>
        <otriple>11th_Mississippi_Infantry_Monument | municipality | Gettysburg,_Pennsylvania</otriple>
        <otriple>11th_Mississippi_Infantry_Monument | region | Adams_County,_Pennsylvania</otriple>
      </originaltripleset>
      <modifiedtripleset>
        <mtriple>Adams_County,_Pennsylvania | has to its southeast | Carroll_County,_Maryland</mtriple>
        <mtriple>Adams_County,_Pennsylvania | has to its north | Cumberland_County,_Pennsylvania</mtriple>
        <mtriple>11th_Mississippi_Infantry_Monument | municipality | Gettysburg,_Pennsylvania</mtriple>
        <mtriple>11th_Mississippi_Infantry_Monument | location | Adams_County,_Pennsylvania</mtriple>
      </modifiedtripleset>
      <lex comment="good" lid="Id1">Adams County, Pennsylvania has Carroll County, Maryland to its southeast and Pennsylvania's Cumberland County is to the north of the Adams County. The 11th Mississippi Infantry Monument is in Adams County of the municipality of Gettysburg Pennsylvania. .</lex>
      <lex comment="good" lid="Id2">The 11th Mississippi Infantry Monument is located at Gettysburg, Adams County, Pennsylvania, which has Cumberland County, Pennsylvania to its north and Carroll County, Maryland to its southeast.</lex>
      <lex comment="good" lid="Id3">The municipality of Gettysburg, Adams County, Pennsylvania is the location of the 11th Mississippi Infantry monument. Adams County is south of Cumberland County and to the northwest of Carroll County, Maryland.</lex>
    </entry>
    <entry category="Monument" eid="Id17" size="4">
      <originaltripleset>
        <otriple>Adams_County,_Pennsylvania | southeast | Carroll_County,_Maryland</otriple>
        <otriple>Adams_County,_Pennsylvania | north | Cumberland_County,_Pennsylvania</otriple>
        <otriple>Adams_County,_Pennsylvania | southwest | Frederick_County,_Maryland</otriple>
        <otriple>11th_Mississippi_Infantry_Monument | region | Adams_County,_Pennsylvania</otriple>
      </originaltripleset>
      <modifiedtripleset>
        <mtriple>Adams_County,_Pennsylvania | has to its southeast | Carroll_County,_Maryland</mtriple>
        <mtriple>Adams_County,_Pennsylvania | has to its north | Cumberland_County,_Pennsylvania</mtriple>
        <mtriple>Adams_County,_Pennsylvania | has to its southwest | Frederick_County,_Maryland</mtriple>
        <mtriple>11th_Mississippi_Infantry_Monument | location | Adams_County,_Pennsylvania</mtriple>
      </modifiedtripleset>
      <lex comment="good" lid="Id1">The location of the 11th Mississippi Infantry monument is Adams County, Pennsylvania. The County is northwest of Carroll County, Maryland north east of Frederick County, Maryland, and south of Cumberland County in Pennsylvania.</lex>
      <lex comment="good" lid="Id2">The 11th Mississippi Infantry Monument's location is Adams County, Pennsylvania. To the north of Adams County lies, Cumberland County, Pennsylvania. Close to Adams County lie two Maryland counties - Carroll County to the southeast and Frederick County to the southwest.</lex>
      <lex comment="good" lid="Id3">Cumberland County Pennsylvania is located in the north of Adams County Pennsylvania while Frederick County Maryland is southwest of Adams Count Pennsylvania. The 11th Mississippi Infantry Monument is located in Adams County, Pennsylvania which has Carroll County, Maryland to its southeast..</lex>
    </entry>
    <entry category="Monument" eid="Id18" size="4">
      <originaltripleset>
        <otriple>Adams_County,_Pennsylvania | west | Franklin_County,_Pennsylvania</otriple>
        <otriple>Adams_County,_Pennsylvania | north | Cumberland_County,_Pennsylvania</otriple>
        <otriple>11th_Mississippi_Infantry_Monument | category | Contributing_property</otriple>
        <otriple>11th_Mississippi_Infantry_Monument | region | Adams_County,_Pennsylvania</otriple>
      </originaltripleset>
      <modifiedtripleset>
        <mtriple>Adams_County,_Pennsylvania | has to its west | Franklin_County,_Pennsylvania</mtriple>
        <mtriple>Adams_County,_Pennsylvania | has to its north | Cumberland_County,_Pennsylvania</mtriple>
        <mtriple>11th_Mississippi_Infantry_Monument | category | Contributing_property</mtriple>
        <mtriple>11th_Mississippi_Infantry_Monument | location | Adams_County,_Pennsylvania</mtriple>
      </modifiedtripleset>
      <lex comment="good" lid="Id1">Adams County, Pennsylvania is located east of Franklin County and south of Cumberland County. It is the location of the 11th Mississippi Infantry monument which is categorised as Contributing property.</lex>
      <lex comment="good" lid="Id2">The 11th Mississippi Infantry Monument is a contributing property located in Adams County, Pennsylvania, with Franklin County to its west and Cumberland County to its north.</lex>
    </entry>
    <entry category="Monument" eid="Id19" size="4">
      <originaltripleset>
        <otriple>Adams_County,_Pennsylvania | west | Franklin_County,_Pennsylvania</otriple>
        <otriple>Adams_County,_Pennsylvania | southeast | Carroll_County,_Maryland</otriple>
        <otriple>11th_Mississippi_Infantry_Monument | category | Contributing_property</otriple>
        <otriple>11th_Mississippi_Infantry_Monument | region | Adams_County,_Pennsylvania</otriple>
      </originaltripleset>
      <modifiedtripleset>
        <mtriple>Adams_County,_Pennsylvania | has to its west | Franklin_County,_Pennsylvania</mtriple>
        <mtriple>Adams_County,_Pennsylvania | has to its southeast | Carroll_County,_Maryland</mtriple>
        <mtriple>11th_Mississippi_Infantry_Monument | category | Contributing_property</mtriple>
        <mtriple>11th_Mississippi_Infantry_Monument | location | Adams_County,_Pennsylvania</mtriple>
      </modifiedtripleset>
      <lex comment="good" lid="Id1">The 11th Mississippi Infantry Monument is a Contributing Property located in Adams County, Pennsylvania, with Franklin County to its west and Carroll County, Maryland to its southeast.</lex>
      <lex comment="good" lid="Id2">Pennsylvania's Franklin County is found to the west of Adams County while Carroll County Maryland is southeast of Adams County Pennsylvania. The location of the 11th Mississippi Infantry Monument is Adams County, Pennsylvania and falls under the category of Contributing property.</lex>
      </entry>
    <entry category="Monument" eid="Id20" size="4">
      <originaltripleset>
        <otriple>Adams_County,_Pennsylvania | west | Franklin_County,_Pennsylvania</otriple>
        <otriple>Adams_County,_Pennsylvania | southeast | Carroll_County,_Maryland</otriple>
        <otriple>Adams_County,_Pennsylvania | north | Cumberland_County,_Pennsylvania</otriple>
        <otriple>11th_Mississippi_Infantry_Monument | region | Adams_County,_Pennsylvania</otriple>
      </originaltripleset>
      <modifiedtripleset>
        <mtriple>Adams_County,_Pennsylvania | has to its west | Franklin_County,_Pennsylvania</mtriple>
        <mtriple>Adams_County,_Pennsylvania | has to its southeast | Carroll_County,_Maryland</mtriple>
        <mtriple>Adams_County,_Pennsylvania | has to its north | Cumberland_County,_Pennsylvania</mtriple>
        <mtriple>11th_Mississippi_Infantry_Monument | location | Adams_County,_Pennsylvania</mtriple>
      </modifiedtripleset>
      <lex comment="good" lid="Id1">The 11th Mississippi Infantry Monument is located in Adams County, Pennsylvania, which has Franklin County to its west, Cumberland County to its north, and Carroll County Maryland to its southeast.</lex>
      <lex comment="good" lid="Id2">The 11th Mississippi Infantry Monument is located in Adams County, Pennsylvania, which has Franklin County to its west, Carroll County Maryland to its southeast, and Cumberland County Pennsylvania to its north.</lex>
      <lex comment="good" lid="Id3">Adams County, Pennsylvania is the location of the 11th Mississippi Infantry monument. This County is east of Franklin County and south of Cumberland County. Carrrol County, Maryland can be found to the south east.</lex>
    </entry>
    <entry category="Monument" eid="Id21" size="4">
      <originaltripleset>
        <otriple>Adams_County,_Pennsylvania | west | Franklin_County,_Pennsylvania</otriple>
        <otriple>Adams_County,_Pennsylvania | southwest | Frederick_County,_Maryland</otriple>
        <otriple>11th_Mississippi_Infantry_Monument | municipality | Gettysburg,_Pennsylvania</otriple>
        <otriple>11th_Mississippi_Infantry_Monument | region | Adams_County,_Pennsylvania</otriple>
      </originaltripleset>
      <modifiedtripleset>
        <mtriple>Adams_County,_Pennsylvania | has to its west | Franklin_County,_Pennsylvania</mtriple>
        <mtriple>Adams_County,_Pennsylvania | has to its southwest | Frederick_County,_Maryland</mtriple>
        <mtriple>11th_Mississippi_Infantry_Monument | municipality | Gettysburg,_Pennsylvania</mtriple>
        <mtriple>11th_Mississippi_Infantry_Monument | location | Adams_County,_Pennsylvania</mtriple>
      </modifiedtripleset>
      <lex comment="good" lid="Id1">The municipality of Gettysburg in Adams County,Pennsylvania is the location of the 11th Mississippi Infantry monument. Adams County is east of Franklin County and northeast of Frederick County, Maryland.</lex>
      <lex comment="good" lid="Id2">Franklin County is west of Adams County, Pennsylvania and southwest to Frederick County, Maryland. You can find the 11th Mississippi Infantry Monument in Adams County which is in the municipality of Gettysburg.</lex>
      <lex comment="good" lid="Id3">Pennsylvania's Franklin County is found to the west of Adams County and Frederick County Maryland is southwest of Adams Count Pennsylvania. The 11th Mississippi Infantry Monument is located in Adams County of Gettysburg, Pennsylvania.</lex>
    </entry>
    <entry category="Monument" eid="Id22" size="4">
      <originaltripleset>
        <otriple>Atatürk_Monument_(İzmir) | designer | Pietro_Canonica</otriple>
        <otriple>Turkey | leaderName | Ahmet_Davutoğlu</otriple>
        <otriple>Atatürk_Monument_(İzmir) | open | "1932-07-27"^^xsd:date</otriple>
        <otriple>Atatürk_Monument_(İzmir) | location | Turkey</otriple>
      </originaltripleset>
      <modifiedtripleset>
        <mtriple>Atatürk_Monument_(İzmir) | designer | Pietro_Canonica</mtriple>
        <mtriple>Turkey | leaderName | Ahmet_Davutoğlu</mtriple>
        <mtriple>Atatürk_Monument_(İzmir) | inaugurationDate | "1932-07-27"</mtriple>
        <mtriple>Atatürk_Monument_(İzmir) | location | Turkey</mtriple>
      </modifiedtripleset>
      <lex comment="good" lid="Id1">The Ataturk Monument was inaugurated on 27th July, 1932 and was designed by Pietro Canonica. The Monument is located in Turkey, whose leader is Ahmet Davutoğlu.</lex>
      <lex comment="good" lid="Id2">The Atatürk Monument was designed by Pietro Canonica and inaugurated on 1932-07-27 in Turkey, where the leader's name is Ahmet Davutoglu.</lex>
      <lex comment="good" lid="Id3">The Atatürk Monument in Izmir, Turkey, where Ahmet Davutoğlu is the leader, was inaugurated on July 27th, 1932 and was designed by Pietro Canonica.</lex>
    </entry>
    <entry category="Monument" eid="Id23" size="4">
      <originaltripleset>
        <otriple>Atatürk_Monument_(İzmir) | open | "1932-07-27"^^xsd:date</otriple>
        <otriple>Atatürk_Monument_(İzmir) | location | Turkey</otriple>
        <otriple>Atatürk_Monument_(İzmir) | material | "Bronze"@en</otriple>
        <otriple>Atatürk_Monument_(İzmir) | designer | Pietro_Canonica</otriple>
      </originaltripleset>
      <modifiedtripleset>
        <mtriple>Atatürk_Monument_(İzmir) | inaugurationDate | "1932-07-27"</mtriple>
        <mtriple>Atatürk_Monument_(İzmir) | location | Turkey</mtriple>
        <mtriple>Atatürk_Monument_(İzmir) | material | "Bronze"</mtriple>
        <mtriple>Atatürk_Monument_(İzmir) | designer | Pietro_Canonica</mtriple>
      </modifiedtripleset>
      <lex comment="good" lid="Id1">The Ataturk Monument (Izmir) is located in Turkey and was inaugurated on 1932-07-27. It was designed by Pietro Canonica and is made of bronze.</lex>
      <lex comment="good" lid="Id2">Pietro Canonica designed the bronze Ataturk monument which was inaugurated in Izmir, Turkey on 27 July 1932.</lex>
      <lex comment="good" lid="Id3">The Atatürk Monument in Turkey was designed in bronze by Pietro Canonica, and inaugurated on 27th July, 1932.</lex>
    </entry>
    <entry category="Monument" eid="Id24" size="4">
      <originaltripleset>
        <otriple>Azerbaijan | capital | Baku</otriple>
        <otriple>Baku_Turkish_Martyrs'_Memorial | dedicatedTo | "Ottoman Army soldiers killed in the Battle of Baku"@en</otriple>
        <otriple>Baku_Turkish_Martyrs'_Memorial | location | Azerbaijan</otriple>
        <otriple>Baku_Turkish_Martyrs'_Memorial | designer | "Hüseyin Bütüner and Hilmi Güner"@en</otriple>
      </originaltripleset>
      <modifiedtripleset>
        <mtriple>Azerbaijan | capital | Baku</mtriple>
        <mtriple>Baku_Turkish_Martyrs'_Memorial | dedicatedTo | "Ottoman Army soldiers killed in the Battle of Baku"</mtriple>
        <mtriple>Baku_Turkish_Martyrs'_Memorial | location | Azerbaijan</mtriple>
        <mtriple>Baku_Turkish_Martyrs'_Memorial | designer | "Hüseyin Bütüner and Hilmi Güner"</mtriple>
      </modifiedtripleset>
      <lex comment="good" lid="Id1">Baku, the capital of Azerbaijan is the location of the Turkish Martyrs memorial dedicated to the soldiers of the Ottoman army killed in the Battle of Baku. The memorial was designed by Huseyin Butuner and Hilmi Guner.</lex>
      <lex comment="good" lid="Id2">The Baku Turkish Martyrs Memorial has been dedicated to Ottoman Army soldiers killed in the Battle of Baku and is located in Azerbaijan's capital Baku. The Memorial was designed by Hüseyin Bütüner and Hilmi Güner.</lex>
      <lex comment="good" lid="Id3">Baku is the capital of Azerbaijan and the location of the Turkish Martyrs memorial dedicated to the soldiers of the Ottoman army who died in the battle of Baku. The memorial was designed by Huseyin Butuner and Hilmi Guner.</lex>
    </entry>
    <entry category="Monument" eid="Id25" size="4">
      <originaltripleset>
        <otriple>Azerbaijan | capital | Baku</otriple>
        <otriple>Baku_Turkish_Martyrs'_Memorial | material | "Red granite and white marble"@en</otriple>
        <otriple>Baku_Turkish_Martyrs'_Memorial | dedicatedTo | "Ottoman Army soldiers killed in the Battle of Baku"@en</otriple>
        <otriple>Baku_Turkish_Martyrs'_Memorial | location | Azerbaijan</otriple>
      </originaltripleset>
      <modifiedtripleset>
        <mtriple>Azerbaijan | capital | Baku</mtriple>
        <mtriple>Baku_Turkish_Martyrs'_Memorial | material | "Red granite and white marble"</mtriple>
        <mtriple>Baku_Turkish_Martyrs'_Memorial | dedicatedTo | "Ottoman Army soldiers killed in the Battle of Baku"</mtriple>
        <mtriple>Baku_Turkish_Martyrs'_Memorial | location | Azerbaijan</mtriple>
      </modifiedtripleset>
      <lex comment="good" lid="Id1">The Baku Turkish Martyrs' Memorial which is made of red granite and white marble is dedicated to the Ottoman Army Soldiers killed in the Battle of Baku. The memorial can be found in Azerbaijan's capital Baku.</lex>
      </entry>
    <entry category="Monument" eid="Id26" size="4">
      <originaltripleset>
        <otriple>Azerbaijan | capital | Baku</otriple>
        <otriple>Baku_Turkish_Martyrs'_Memorial | material | "Red granite and white marble"@en</otriple>
        <otriple>Baku_Turkish_Martyrs'_Memorial | location | Azerbaijan</otriple>
        <otriple>Azerbaijan | legislature | National_Assembly_(Azerbaijan)</otriple>
      </originaltripleset>
      <modifiedtripleset>
        <mtriple>Azerbaijan | capital | Baku</mtriple>
        <mtriple>Baku_Turkish_Martyrs'_Memorial | material | "Red granite and white marble"</mtriple>
        <mtriple>Baku_Turkish_Martyrs'_Memorial | location | Azerbaijan</mtriple>
        <mtriple>Azerbaijan | legislature | National_Assembly_(Azerbaijan)</mtriple>
      </modifiedtripleset>
      <lex comment="good" lid="Id1">The Baku Turkish Martyrs' Memorial, which is made from red granite and white marble, is located in Azerbaijan which is home to the National Assembly and has Baju as its capital.</lex>
      <lex comment="good" lid="Id2">The Baku Turkish Martyr's Memorial, which is made from red granite and white marble, is in Azerbaijan which has the National Assembly as its legislature and Baku is the capital.</lex>
      <lex comment="good" lid="Id3">The Baku Turkish Martyrs' Memorial, which is made from red granite and white marble, is in Azerbaijan which has Baku as its capital and has the National Assembly as its legislature.</lex>
    </entry>
    <entry category="Monument" eid="Id27" size="4">
      <originaltripleset>
        <otriple>Azerbaijan | leader | Artur_Rasizade</otriple>
        <otriple>Azerbaijan | capital | Baku</otriple>
        <otriple>Azerbaijan | leaderTitle | Prime_Minister_of_Azerbaijan</otriple>
        <otriple>Baku_Turkish_Martyrs'_Memorial | location | Azerbaijan</otriple>
      </originaltripleset>
      <modifiedtripleset>
        <mtriple>Azerbaijan | leader | Artur_Rasizade</mtriple>
        <mtriple>Azerbaijan | capital | Baku</mtriple>
        <mtriple>Azerbaijan | leaderTitle | Prime_Minister_of_Azerbaijan</mtriple>
        <mtriple>Baku_Turkish_Martyrs'_Memorial | location | Azerbaijan</mtriple>
      </modifiedtripleset>
      <lex comment="good" lid="Id1">Prime Minister of Azerbaijan is Artur Rasizade with the official title of the leader of Azerbaijan. The Baku Turkish Martyrs' Memorial is located in Baku, the capital of Azerbaijan.</lex>
      <lex comment="good" lid="Id2">The Baku Turkish Martyrs' Memorial is located in Baku, the capital of Azerbaijan, a country led by the Prime Minister of Azerbaijan, Artur Rasizade.</lex>
      <lex comment="good" lid="Id3">Azerbaijan's leader is the Prime Minister of Azerbaijan and his name is Artur Rasizade. The Baku Turkish Martyrs' Memorial is in Baku, the capital of Azerbaijan.</lex>
    </entry>
    <entry category="Monument" eid="Id28" size="4">
      <originaltripleset>
        <otriple>Azerbaijan | leader | Artur_Rasizade</otriple>
        <otriple>Azerbaijan | capital | Baku</otriple>
        <otriple>Baku_Turkish_Martyrs'_Memorial | location | Azerbaijan</otriple>
        <otriple>Azerbaijan | legislature | National_Assembly_(Azerbaijan)</otriple>
      </originaltripleset>
      <modifiedtripleset>
        <mtriple>Azerbaijan | leader | Artur_Rasizade</mtriple>
        <mtriple>Azerbaijan | capital | Baku</mtriple>
        <mtriple>Baku_Turkish_Martyrs'_Memorial | location | Azerbaijan</mtriple>
        <mtriple>Azerbaijan | legislature | National_Assembly_(Azerbaijan)</mtriple>
      </modifiedtripleset>
      <lex comment="good" lid="Id1">Baku is the capital of Azerbaijan and the leader of the legislature (the National Assembly) is Artur Rasizade. Azerbaijan is the location of the Baku Turkish Martyrs memorial.</lex>
      <lex comment="good" lid="Id2">The National Assembly is the legislative branch of government in Azerbaijan where the leader is Artur Rasizade. The Turkish martyrs memorial is located in the capital, Baku.</lex>
      <lex comment="good" lid="Id3">The Baku Turkish Martyrs' Memorial is located in Baku, the capital of Azerbaijan, where leader is Artur Rasizade and the legislature is known as the National Assembly.</lex>
    </entry>
    <entry category="Monument" eid="Id29" size="4">
      <originaltripleset>
        <otriple>Azerbaijan | leader | Artur_Rasizade</otriple>
        <otriple>Baku_Turkish_Martyrs'_Memorial | material | "Red granite and white marble"@en</otriple>
        <otriple>Baku_Turkish_Martyrs'_Memorial | dedicatedTo | "Ottoman Army soldiers killed in the Battle of Baku"@en</otriple>
        <otriple>Baku_Turkish_Martyrs'_Memorial | location | Azerbaijan</otriple>
      </originaltripleset>
      <modifiedtripleset>
        <mtriple>Azerbaijan | leader | Artur_Rasizade</mtriple>
        <mtriple>Baku_Turkish_Martyrs'_Memorial | material | "Red granite and white marble"</mtriple>
        <mtriple>Baku_Turkish_Martyrs'_Memorial | dedicatedTo | "Ottoman Army soldiers killed in the Battle of Baku"</mtriple>
        <mtriple>Baku_Turkish_Martyrs'_Memorial | location | Azerbaijan</mtriple>
      </modifiedtripleset>
      <lex comment="good" lid="Id1">The red granite and white marble Baku Turkish Martyrs' Memorial is dedicated to the Ottoman Army Soldiers killed in the Battle of Baku, and is located in Baku, Azerbaijan, where the leader is Artur Rasizade.</lex>
      <lex comment="good" lid="Id2">Artur Rasizade was an Azerbaijan leader. Baku Turkish Martyrs' Memorial is made of red granite and white marble, is dedicated to the Ottoman Army soldiers killed in the Battle of Baku and located in Azerbaijan.</lex>
      <lex comment="good" lid="Id3">Artur Rasizade is an Azerbaijan leader. The Baku Turkish Martyrs' Memorial located in Baku, Azerbaijan is made with red granite and white marble and has been dedicated to Ottoman Army soldiers killed in the Battle of Baku.</lex>
    </entry>
    <entry category="Monument" eid="Id30" size="4">
      <originaltripleset>
        <otriple>Azerbaijan | leaderTitle | Prime_Minister_of_Azerbaijan</otriple>
        <otriple>Baku_Turkish_Martyrs'_Memorial | dedicatedTo | "Ottoman Army soldiers killed in the Battle of Baku"@en</otriple>
        <otriple>Baku_Turkish_Martyrs'_Memorial | location | Azerbaijan</otriple>
        <otriple>Azerbaijan | leaderName | Artur_Rasizade</otriple>
      </originaltripleset>
      <modifiedtripleset>
        <mtriple>Azerbaijan | leaderTitle | Prime_Minister_of_Azerbaijan</mtriple>
        <mtriple>Baku_Turkish_Martyrs'_Memorial | dedicatedTo | "Ottoman Army soldiers killed in the Battle of Baku"</mtriple>
        <mtriple>Baku_Turkish_Martyrs'_Memorial | location | Azerbaijan</mtriple>
        <mtriple>Azerbaijan | leaderName | Artur_Rasizade</mtriple>
      </modifiedtripleset>
      <lex comment="good" lid="Id1">The Baku Turkish Martyrs' Memorial, which is dedicated to the Ottoman Army Soldiers killed in the Battle of Baku, is located in Azerbaijan, where the official leader (Prime Minister of Azerbaijan) is called Artur Rasizade.</lex>
      <lex comment="good" lid="Id2">The Baku Turkish Martyrs' Memorial is dedicated to the Ottoman Army soldiers killed in the Battle of Baku, and is located in Azerbaijan, which is led by the Prime Minister of Azerbaijan, Artur Rasizade.</lex>
      <lex comment="good" lid="Id3">Artur Rasizade is the Prime Minister of Azerbaijan. Azerbaijan is the location of the Baku Turkish Martyrs memorial which is dedicated to the soldiers of the Ottoman army killed in the Battle of Baku.</lex>
    </entry>
    <entry category="Monument" eid="Id31" size="4">
      <originaltripleset>
        <otriple>Azerbaijan | leaderTitle | Prime_Minister_of_Azerbaijan</otriple>
        <otriple>Baku_Turkish_Martyrs'_Memorial | location | Azerbaijan</otriple>
        <otriple>Azerbaijan | leaderName | Artur_Rasizade</otriple>
        <otriple>Azerbaijan | legislature | National_Assembly_(Azerbaijan)</otriple>
      </originaltripleset>
      <modifiedtripleset>
        <mtriple>Azerbaijan | leaderTitle | Prime_Minister_of_Azerbaijan</mtriple>
        <mtriple>Baku_Turkish_Martyrs'_Memorial | location | Azerbaijan</mtriple>
        <mtriple>Azerbaijan | leaderName | Artur_Rasizade</mtriple>
        <mtriple>Azerbaijan | legislature | National_Assembly_(Azerbaijan)</mtriple>
      </modifiedtripleset>
      <lex comment="good" lid="Id1">The Baku Turkish Martyrs' Memorial can be found is Azerbaijan which is led by Prime Minister Artur Rasizade who leads the National Assembly.</lex>
      <lex comment="good" lid="Id2">The Baku Turkish Martyrs' Memorial is located in Azerbaijan, a country led by the Prime Minister of Azerbaijan, Artur Rasizade, and legislated by the National Assembly.</lex>
      <lex comment="good" lid="Id3">The National Assembly dictates the legislature of Azerbaijan and the leader, who has the title Prime Minister, is Artur Rasizade. Baku Turkish Martyrs' Memorial is located in Azerbaijan.</lex>
    </entry>
    <entry category="Monument" eid="Id32" size="4">
      <originaltripleset>
        <otriple>Baku_Turkish_Martyrs'_Memorial | dedicatedTo | "Ottoman Army soldiers killed in the Battle of Baku"@en</otriple>
        <otriple>Baku_Turkish_Martyrs'_Memorial | location | Azerbaijan</otriple>
        <otriple>Azerbaijan | leaderName | Artur_Rasizade</otriple>
        <otriple>Baku_Turkish_Martyrs'_Memorial | designer | "Hüseyin Bütüner and Hilmi Güner"@en</otriple>
      </originaltripleset>
      <modifiedtripleset>
        <mtriple>Baku_Turkish_Martyrs'_Memorial | dedicatedTo | "Ottoman Army soldiers killed in the Battle of Baku"</mtriple>
        <mtriple>Baku_Turkish_Martyrs'_Memorial | location | Azerbaijan</mtriple>
        <mtriple>Azerbaijan | leaderName | Artur_Rasizade</mtriple>
        <mtriple>Baku_Turkish_Martyrs'_Memorial | designer | "Hüseyin Bütüner and Hilmi Güner"</mtriple>
      </modifiedtripleset>
      <lex comment="good" lid="Id1">The Baku Turkish Martyrs' Memorial in Baku, Azerbaijan, where Artur Rasizade is leader, was designed by Huseyin Butuner and Hilmi Guner and is dedicated to the Ottoman Army Soldiers killed in the Battle of Baku.</lex>
      <lex comment="good" lid="Id2">The Baku Turkish Martyrs Memorial, which is dedicated to the Ottoman Army soldiers killed in the Battle of Baku, was designed by Huseyin Butuner and Hilmi Guner and is in Azerbaijan which is led by Artur Rasizade.</lex>
      <lex comment="good" lid="Id3">The Baku Turkish Martyrs Memorial designed by Huseyin Butuner and Hilmi Guner has been dedicated to Ottoman Army soldiers killed in the Battle of Baku. The memorial can be found in Azerbaijan, whose leader is Artur Rasizade.</lex>
    </entry>
    <entry category="Monument" eid="Id33" size="4">
      <originaltripleset>
        <otriple>Baku_Turkish_Martyrs'_Memorial | dedicatedTo | "Ottoman Army soldiers killed in the Battle of Baku"@en</otriple>
        <otriple>Baku_Turkish_Martyrs'_Memorial | location | Azerbaijan</otriple>
        <otriple>Baku_Turkish_Martyrs'_Memorial | designer | "Hüseyin Bütüner and Hilmi Güner"@en</otriple>
        <otriple>Baku_Turkish_Martyrs'_Memorial | material | "Red granite and white marble"@en</otriple>
      </originaltripleset>
      <modifiedtripleset>
        <mtriple>Baku_Turkish_Martyrs'_Memorial | dedicatedTo | "Ottoman Army soldiers killed in the Battle of Baku"</mtriple>
        <mtriple>Baku_Turkish_Martyrs'_Memorial | location | Azerbaijan</mtriple>
        <mtriple>Baku_Turkish_Martyrs'_Memorial | designer | "Hüseyin Bütüner and Hilmi Güner"</mtriple>
        <mtriple>Baku_Turkish_Martyrs'_Memorial | material | "Red granite and white marble"</mtriple>
      </modifiedtripleset>
      <lex comment="good" lid="Id1">The soldiers of the Ottoman army who were killed in the Battle of Baku are commemorated by the Baku Turkish Martyrs memorial in Azerbaijan. The memorial was designed in red granite and white marble by Huseyin Butuner and Hilmi Guner.</lex>
      <lex comment="good" lid="Id2">The soldiers of the Ottoman army killed in the Battle of Baku are commemorated by the Baku Turkish Martyrs memorial located in Azerbaijan. It was designed in red granite and white marble by Huseyin Butuner and Hilmi Guner.</lex>
      <lex comment="good" lid="Id3">The soldiers of the Ottoman army who were killed in the Battle of Baku are commemorated by the Baku Turkish Martyrs memorial found in Azerbaijan. It was designed in red granite and white marble by Hilmi Guner and Huseyin Butuner.</lex>
    </entry>
    <entry category="Monument" eid="Id34" size="4">
      <originaltripleset>
        <otriple>Baku_Turkish_Martyrs'_Memorial | dedicatedTo | "Ottoman Army soldiers killed in the Battle of Baku"@en</otriple>
        <otriple>Baku_Turkish_Martyrs'_Memorial | location | Azerbaijan</otriple>
        <otriple>Baku_Turkish_Martyrs'_Memorial | nativeName | "Türk Şehitleri Anıtı"@en</otriple>
        <otriple>Baku_Turkish_Martyrs'_Memorial | designer | "Hüseyin Bütüner and Hilmi Güner"@en</otriple>
      </originaltripleset>
      <modifiedtripleset>
        <mtriple>Baku_Turkish_Martyrs'_Memorial | dedicatedTo | "Ottoman Army soldiers killed in the Battle of Baku"</mtriple>
        <mtriple>Baku_Turkish_Martyrs'_Memorial | location | Azerbaijan</mtriple>
        <mtriple>Baku_Turkish_Martyrs'_Memorial | nativeName | "Türk Şehitleri Anıtı"</mtriple>
        <mtriple>Baku_Turkish_Martyrs'_Memorial | designer | "Hüseyin Bütüner and Hilmi Güner"</mtriple>
      </modifiedtripleset>
      <lex comment="good" lid="Id1">The Baku Turkish Martyrs Memorial (known locally as Türk Şehitleri Anıtı) has been dedicated to Ottoman Army soldiers killed in the Battle of Baku. It was designed by Hüseyin Bütüner and Hilmi Güner and is located in Baku, Azerbaijan.</lex>
      <lex comment="good" lid="Id2">The Baku Turkish Martyrs' Memorial located in Azerbaijan, known locally as Türk Şehitleri Anıtı, is dedicated to the Ottoman Army Soldiers killed in the Battle of Baku. The designers of the Memorial are Hüseyin Bütüner and Hilmi Güner.</lex>
      <lex comment="good" lid="Id3">The Baku Turkish Martyrs Memorial in Azerbaijan (known in Turkish as Turk Sehitleri Aniti) was designed by Hüseyin Bütüner and Hilmi Güner and is dedicated to Ottoman Army soldiers killed in the Battle of Baku.</lex>
    </entry>
    <entry category="Monument" eid="Id35" size="4">
      <originaltripleset>
        <otriple>Baku_Turkish_Martyrs'_Memorial | dedicatedTo | "Ottoman Army soldiers killed in the Battle of Baku"@en</otriple>
        <otriple>Baku_Turkish_Martyrs'_Memorial | location | Azerbaijan</otriple>
        <otriple>Baku_Turkish_Martyrs'_Memorial | nativeName | "Türk Şehitleri Anıtı"@en</otriple>
        <otriple>Baku_Turkish_Martyrs'_Memorial | material | "Red granite and white marble"@en</otriple>
      </originaltripleset>
      <modifiedtripleset>
        <mtriple>Baku_Turkish_Martyrs'_Memorial | dedicatedTo | "Ottoman Army soldiers killed in the Battle of Baku"</mtriple>
        <mtriple>Baku_Turkish_Martyrs'_Memorial | location | Azerbaijan</mtriple>
        <mtriple>Baku_Turkish_Martyrs'_Memorial | nativeName | "Türk Şehitleri Anıtı"</mtriple>
        <mtriple>Baku_Turkish_Martyrs'_Memorial | material | "Red granite and white marble"</mtriple>
      </modifiedtripleset>
      <lex comment="good" lid="Id1">The Baku Turkish Martyrs' Memorial in Azerbaijan, is made from red granite and white marble, is dedicated to the Ottoman Army soldiers killed in the Battle of Baku and is known by locals as Turk Sehitleri Aniti.</lex>
      <lex comment="good" lid="Id2">The Baku Turkish Martyrs' Memorial, which is made from red granite and white marble, is found in Azerbaijan is known to Turks as Turk Sehitleri Aniti and is dedicated to the Ottoman Army soldiers killed in the Battle of Baku.</lex>
      <lex comment="good" lid="Id3">The Baku Turkish Martyrs Memorial, which is dedicated to the Ottoman Army soldiers killed in the Battle of Baku, is made from red granite and white marble, is found in Azerbaijan and is known locally as Turk Sehitleri Aniti..</lex>
    </entry>
    <entry category="Monument" eid="Id36" size="4">
      <originaltripleset>
        <otriple>Dead_Man's_Plack | location | England</otriple>
        <otriple>England | capital | London</otriple>
        <otriple>Dead_Man's_Plack | dedicatedTo | Æthelwald,_Ealdorman_of_East_Anglia</otriple>
        <otriple>Dead_Man's_Plack | material | Rock_(geology)</otriple>
      </originaltripleset>
      <modifiedtripleset>
        <mtriple>Dead_Man's_Plack | location | England</mtriple>
        <mtriple>England | capital | London</mtriple>
        <mtriple>Dead_Man's_Plack | dedicatedTo | Æthelwald,_Ealdorman_of_East_Anglia</mtriple>
        <mtriple>Dead_Man's_Plack | material | Rock_(geology)</mtriple>
      </modifiedtripleset>
      <lex comment="good" lid="Id1">London is the capital of England where Dead Man's Plack can be found. It is a rock formation dedicated to Aethelwald, Ealdorman of East Anglia.</lex>
      <lex comment="good" lid="Id2">England, which has the capital of London, is the location of Dead Man's Plack, a rock formation dedicated to Aethelwald, Ealdorman of East Anglia.</lex>
      <lex comment="good" lid="Id3">The Dead Man's Plack is a rock structure located in England (capital: London), and dedicated to Æthelwald, Ealdorman of East Anglia.</lex>
    </entry>
    <entry category="Monument" eid="Id37" size="4">
      <originaltripleset>
        <otriple>Dead_Man's_Plack | location | England</otriple>
        <otriple>England | capital | London</otriple>
        <otriple>Dead_Man's_Plack | dedicatedTo | Æthelwald,_Ealdorman_of_East_Anglia</otriple>
        <otriple>England | religion | Church_of_England</otriple>
      </originaltripleset>
      <modifiedtripleset>
        <mtriple>Dead_Man's_Plack | location | England</mtriple>
        <mtriple>England | capital | London</mtriple>
        <mtriple>Dead_Man's_Plack | dedicatedTo | Æthelwald,_Ealdorman_of_East_Anglia</mtriple>
        <mtriple>England | religion | Church_of_England</mtriple>
      </modifiedtripleset>
      <lex comment="good" lid="Id1">The Dead Man's Plack is located in England and is dedicated to Æthelwald, Ealdorman of East Anglia. England's capital is London and the established religion is The Church Of England.</lex>
      <lex comment="good" lid="Id2">The Dead Man's Plack is dedicated to Æthelwald, Ealdorman of East Anglia, England. The capital of England is London and the main religion is The Church of England.</lex>
      <lex comment="good" lid="Id3">The Dead Man's Plack is found in England (capital city London, religion Church of England) and is dedicated to Æthelwald, Ealdorman of East Anglia.</lex>
    </entry>
    <entry category="Monument" eid="Id38" size="4">
      <originaltripleset>
        <otriple>Dead_Man's_Plack | location | England</otriple>
        <otriple>England | capital | London</otriple>
        <otriple>England | languages | Cornish_language</otriple>
        <otriple>Dead_Man's_Plack | material | Rock_(geology)</otriple>
      </originaltripleset>
      <modifiedtripleset>
        <mtriple>Dead_Man's_Plack | location | England</mtriple>
        <mtriple>England | capital | London</mtriple>
        <mtriple>England | languages | Cornish_language</mtriple>
        <mtriple>Dead_Man's_Plack | material | Rock_(geology)</mtriple>
      </modifiedtripleset>
      <lex comment="toFix" lid="Id1">Dead Man' plack is made of rock and found in Cornwall, a region of England (the capital of which is London)where Cornish is spoken.</lex>
      <lex comment="good" lid="Id2">The Dead Man's Plack is a rock formation in Cornwall. Located to the west of England's capital, London, Cornwall is a county with its own language, known as Cornish.</lex>
      </entry>
    <entry category="Monument" eid="Id39" size="4">
      <originaltripleset>
        <otriple>Dead_Man's_Plack | location | England</otriple>
        <otriple>England | capital | London</otriple>
        <otriple>England | languages | Cornish_language</otriple>
        <otriple>England | religion | Church_of_England</otriple>
      </originaltripleset>
      <modifiedtripleset>
        <mtriple>Dead_Man's_Plack | location | England</mtriple>
        <mtriple>England | capital | London</mtriple>
        <mtriple>England | languages | Cornish_language</mtriple>
        <mtriple>England | religion | Church_of_England</mtriple>
      </modifiedtripleset>
      <lex comment="good" lid="Id1">London is the capital of England where the established religion is the Church of England. It is also the location of Dead Man's Plack and the home of the Cornish language which is still spoken.</lex>
      <lex comment="good" lid="Id2">The Dead Man's Plack is located in England, the capital city of which is London. The established religion in England is The Church of England and sometimes Cornish is spoken there.</lex>
      <lex comment="good" lid="Id3">The Dead Man's Plack is located in England, where the capital is London, the main religion is the Church of England, and one of the languages spoken is the Cornish language.</lex>
    </entry>
    <entry category="Monument" eid="Id40" size="4">
      <originaltripleset>
        <otriple>Dead_Man's_Plack | location | England</otriple>
        <otriple>England | ethnicGroups | British_Arabs</otriple>
        <otriple>Dead_Man's_Plack | dedicatedTo | Æthelwald,_Ealdorman_of_East_Anglia</otriple>
        <otriple>Dead_Man's_Plack | material | Rock_(geology)</otriple>
      </originaltripleset>
      <modifiedtripleset>
        <mtriple>Dead_Man's_Plack | location | England</mtriple>
        <mtriple>England | ethnicGroups | British_Arabs</mtriple>
        <mtriple>Dead_Man's_Plack | dedicatedTo | Æthelwald,_Ealdorman_of_East_Anglia</mtriple>
        <mtriple>Dead_Man's_Plack | material | Rock_(geology)</mtriple>
      </modifiedtripleset>
      <lex comment="good" lid="Id1">The Dead Man's Plack is a rock formation in England dedicated to Aethelwald, Ealdorman of East Anglia. One of the ethnic groups to be found in England is that of the British Arabs.</lex>
      <lex comment="good" lid="Id2">The Dead Man's Plack is located in England, made of rock and dedicated to Æthelwald, Ealdorman of East Anglia. One of the ethnic groups found in England is the British Arabs.</lex>
    </entry>
    <entry category="Monument" eid="Id41" size="4">
      <originaltripleset>
        <otriple>Dead_Man's_Plack | location | England</otriple>
        <otriple>England | ethnicGroups | British_Arabs</otriple>
        <otriple>England | capital | London</otriple>
        <otriple>England | languages | Cornish_language</otriple>
      </originaltripleset>
      <modifiedtripleset>
        <mtriple>Dead_Man's_Plack | location | England</mtriple>
        <mtriple>England | ethnicGroups | British_Arabs</mtriple>
        <mtriple>England | capital | London</mtriple>
        <mtriple>England | languages | Cornish_language</mtriple>
      </modifiedtripleset>
      <lex comment="good" lid="Id1">The Dead Man's Plack is located in England, of which the capital city is London. Cornish is a language spoken in England and one of the ethnic groups are The British Arabs.</lex>
      <lex comment="good" lid="Id2">England's capital is London. The Cornish language is still spoken in some parts and one of the ethnic groups to be found are the British Arabs. A place of interest is Dead Man's Plack.</lex>
      <lex comment="good" lid="Id3">The Dead Man's Plack is found in England which has the capital city of London. One of the languages spoken in England is Cornish and one of the ethnic groups is the British Arabs.</lex>
    </entry>
    <entry category="Monument" eid="Id42" size="4">
      <originaltripleset>
        <otriple>Monocacy_National_Battlefield | location | Frederick_County,_Maryland</otriple>
        <otriple>14th_New_Jersey_Volunteer_Infantry_Monument | category | Historic_districts_in_the_United_States</otriple>
        <otriple>14th_New_Jersey_Volunteer_Infantry_Monument | district | Monocacy_National_Battlefield</otriple>
        <otriple>Monocacy_National_Battlefield | nearestCity | Frederick,_Maryland</otriple>
      </originaltripleset>
      <modifiedtripleset>
        <mtriple>Monocacy_National_Battlefield | location | Frederick_County,_Maryland</mtriple>
        <mtriple>14th_New_Jersey_Volunteer_Infantry_Monument | category | Historic_districts_in_the_United_States</mtriple>
        <mtriple>14th_New_Jersey_Volunteer_Infantry_Monument | district | Monocacy_National_Battlefield</mtriple>
        <mtriple>Monocacy_National_Battlefield | nearestCity | Frederick,_Maryland</mtriple>
      </modifiedtripleset>
      <lex comment="good" lid="Id1">The 14th New Jersey Volunteer Infantry Monument, a historic district in the United States, is located in the district of the Monocacy National Battlefield in Frederick County, Maryland, with the nearest city being Frederick, Maryland.</lex>
      <lex comment="good" lid="Id2">Frederick, Maryland is the nearest city to the Monocacy National Battlefield in the county. The Battlefield is the location of the 14th New Jersey Volunteer Infantry Monument which is categorised as a historic district of the US.</lex>
      <lex comment="good" lid="Id3">The 14th New Jersey Volunteer Infantry Monument is located on the Monocacy National Battlefield, Maryland, United States and is categorised as a historic district. The nearest city to Monocacy National Battlefield is Frederick, Maryland.</lex>
    </entry>
    <entry category="Monument" eid="Id43" size="4">
      <originaltripleset>
        <otriple>Monocacy_National_Battlefield | location | Frederick_County,_Maryland</otriple>
        <otriple>14th_New_Jersey_Volunteer_Infantry_Monument | country | "United States"@en</otriple>
        <otriple>14th_New_Jersey_Volunteer_Infantry_Monument | district | Monocacy_National_Battlefield</otriple>
        <otriple>Monocacy_National_Battlefield | nearestCity | Frederick,_Maryland</otriple>
      </originaltripleset>
      <modifiedtripleset>
        <mtriple>Monocacy_National_Battlefield | location | Frederick_County,_Maryland</mtriple>
        <mtriple>14th_New_Jersey_Volunteer_Infantry_Monument | country | "United States"</mtriple>
        <mtriple>14th_New_Jersey_Volunteer_Infantry_Monument | district | Monocacy_National_Battlefield</mtriple>
        <mtriple>Monocacy_National_Battlefield | nearestCity | Frederick,_Maryland</mtriple>
      </modifiedtripleset>
      <lex comment="good" lid="Id1">The 14th New Jersey Volunteer Infantry Monument is found in the Monocacy National Battlefield in the county of Frederick, Maryland (United States), and its nearest city is Frederick, Maryland.</lex>
      <lex comment="good" lid="Id2">The 14th New Jersey Volunteer Infantry Monument is found in the Monocacy National Battlefield in Frederick County, Maryland, United States, and its nearest city is Frederick, Maryland.</lex>
      <lex comment="good" lid="Id3">The 14th New Jersey Volunteer Infantry Monument is located in the district of the Monocacy National Battlefield, in Frederick County, Maryland in the United States, which has Frederick as its nearest city.</lex>
    </entry>
    <entry category="Monument" eid="Id44" size="4">
      <originaltripleset>
        <otriple>Monocacy_National_Battlefield | location | Frederick_County,_Maryland</otriple>
        <otriple>14th_New_Jersey_Volunteer_Infantry_Monument | established | "1907-07-11"^^xsd:date</otriple>
        <otriple>14th_New_Jersey_Volunteer_Infantry_Monument | category | Historic_districts_in_the_United_States</otriple>
        <otriple>14th_New_Jersey_Volunteer_Infantry_Monument | district | Monocacy_National_Battlefield</otriple>
      </originaltripleset>
      <modifiedtripleset>
        <mtriple>Monocacy_National_Battlefield | location | Frederick_County,_Maryland</mtriple>
        <mtriple>14th_New_Jersey_Volunteer_Infantry_Monument | established | "1907-07-11"</mtriple>
        <mtriple>14th_New_Jersey_Volunteer_Infantry_Monument | category | Historic_districts_in_the_United_States</mtriple>
        <mtriple>14th_New_Jersey_Volunteer_Infantry_Monument | district | Monocacy_National_Battlefield</mtriple>
      </modifiedtripleset>
      <lex comment="good" lid="Id1">The 14th New Jersey Volunteer Infantry Monument, which was established on July 11th, 1907, is in the Historic District of the Monocacy National Battlefield in Frederick County, Maryland.</lex>
      <lex comment="good" lid="Id2">The 14th New Jersey Volunteer Infantry Monument was established 1907-07-11, found in the Monocacy National Battlefield and belongs to the category of Historic districts in the United States. Monocacy National Battlefield is located in Frederick County, Maryland.</lex>
      <lex comment="good" lid="Id3">The 14th New Jersey Volunteer Infantry Monument, a Historic district in the United States, is located at the Monocacy National Battlefield in the county Frederick, Maryland, and was established on 1907-07-11.</lex>
    </entry>
    <entry category="Monument" eid="Id45" size="4">
      <originaltripleset>
        <otriple>Monocacy_National_Battlefield | location | Frederick_County,_Maryland</otriple>
        <otriple>14th_New_Jersey_Volunteer_Infantry_Monument | established | "1907-07-11"^^xsd:date</otriple>
        <otriple>14th_New_Jersey_Volunteer_Infantry_Monument | district | Monocacy_National_Battlefield</otriple>
        <otriple>14th_New_Jersey_Volunteer_Infantry_Monument | owningOrganisation | National_Park_Service</otriple>
      </originaltripleset>
      <modifiedtripleset>
        <mtriple>Monocacy_National_Battlefield | location | Frederick_County,_Maryland</mtriple>
        <mtriple>14th_New_Jersey_Volunteer_Infantry_Monument | established | "1907-07-11"</mtriple>
        <mtriple>14th_New_Jersey_Volunteer_Infantry_Monument | district | Monocacy_National_Battlefield</mtriple>
        <mtriple>14th_New_Jersey_Volunteer_Infantry_Monument | owningOrganisation | National_Park_Service</mtriple>
      </modifiedtripleset>
      <lex comment="good" lid="Id1">The 14th New Jersey Volunteer Infantry Monument, provided by the National Park Service, was established on 11th July 1907and is located on the Monocacy National Battlefield in the county Frederick, Maryland.</lex>
      <lex comment="good" lid="Id2">The 14th New Jersey Volunteer Infantry monument which has been provided by the National Park Service is located within the Monocacy National Battlefield in Frederick County, Maryland. It was established on 11 July 1907.</lex>
      <lex comment="good" lid="Id3">The Monocacy National Battlefield in Frederick, Maryland is the location of the 14th New Jersey Volunteer Infantry monument which was established on 11 July 1907. It was provided by the National Park Service.</lex>
      <lex comment="good" lid="Id4">The Monocacy National Battlefield in Frederick County, Maryland, is the location of the 14th New Jersey Volunteer Infantry monument. The monument was provided by the National Park Service and established on 11 July 1907.</lex>
      <lex comment="good" lid="Id5">The 14th New Jersey Volunteer Infantry Monument was established on 11th July 1907, and is found in the Monocacy National Battlefield in Frederick County, Maryland, where it is owned by the National Park Service.</lex>
    </entry>
    <entry category="Monument" eid="Id46" size="4">
      <originaltripleset>
        <otriple>Turkey | capital | Ankara</otriple>
        <otriple>Atatürk_Monument_(İzmir) | material | "Bronze"@en</otriple>
        <otriple>Atatürk_Monument_(İzmir) | open | "1932-07-27"^^xsd:date</otriple>
        <otriple>Atatürk_Monument_(İzmir) | location | Turkey</otriple>
      </originaltripleset>
      <modifiedtripleset>
        <mtriple>Turkey | capital | Ankara</mtriple>
        <mtriple>Atatürk_Monument_(İzmir) | material | "Bronze"</mtriple>
        <mtriple>Atatürk_Monument_(İzmir) | inaugurationDate | "1932-07-27"</mtriple>
        <mtriple>Atatürk_Monument_(İzmir) | location | Turkey</mtriple>
      </modifiedtripleset>
      <lex comment="good" lid="Id1">The Ataturk monument (Izmir) is made out of bronze. It was inaugurated on 27 July 1932 and located in Turkey, where the capital is Ankara.</lex>
      <lex comment="good" lid="Id2">Turkey, where the capital is Ankara, is the location of the bronze Ataturk monument (Izmir). The monument was inaugurated on 27 July 1932.</lex>
      </entry>
    <entry category="Monument" eid="Id47" size="4">
      <originaltripleset>
        <otriple>Turkey | leader | Ahmet_Davutoğlu</otriple>
        <otriple>Atatürk_Monument_(İzmir) | designer | Pietro_Canonica</otriple>
        <otriple>Atatürk_Monument_(İzmir) | material | "Bronze"@en</otriple>
        <otriple>Atatürk_Monument_(İzmir) | location | Turkey</otriple>
      </originaltripleset>
      <modifiedtripleset>
        <mtriple>Turkey | leader | Ahmet_Davutoğlu</mtriple>
        <mtriple>Atatürk_Monument_(İzmir) | designer | Pietro_Canonica</mtriple>
        <mtriple>Atatürk_Monument_(İzmir) | material | "Bronze"</mtriple>
        <mtriple>Atatürk_Monument_(İzmir) | location | Turkey</mtriple>
      </modifiedtripleset>
      <lex comment="good" lid="Id1">Ahmet Davutoglu is a leader of Turkey. The Atatürk Monument (İzmir) is found in Turkey, made of Bronze and designed by Pietro Canonica.</lex>
      <lex comment="good" lid="Id2">By the way, the leader of Turkey is Ahmet Davutoglu and the Ataturk Monument designed by Pietro Canonica is made of bronze and located in Izmir, Turkey.</lex>
      <lex comment="good" lid="Id3">Ahmet Davutoglu is the leader of Turkey, the location of the bronze Atatürk Monument in Izmir designed by Pietro Canonica.</lex>
    </entry>
    <entry category="Monument" eid="Id48" size="4">
      <originaltripleset>
        <otriple>Turkey | leader | Ahmet_Davutoğlu</otriple>
        <otriple>Turkey | capital | Ankara</otriple>
        <otriple>Turkey | currency | Turkish_lira</otriple>
        <otriple>Atatürk_Monument_(İzmir) | location | Turkey</otriple>
      </originaltripleset>
      <modifiedtripleset>
        <mtriple>Turkey | leader | Ahmet_Davutoğlu</mtriple>
        <mtriple>Turkey | capital | Ankara</mtriple>
        <mtriple>Turkey | currency | Turkish_lira</mtriple>
        <mtriple>Atatürk_Monument_(İzmir) | location | Turkey</mtriple>
      </modifiedtripleset>
      <lex comment="good" lid="Id1">Turkey's capital is Ankara and the currency is the Turkish lira. The leader of Turkey is Ahmet Davutoglu. The Ataturk monument is located in Izmir.</lex>
      <lex comment="good" lid="Id2">The Atatürk Monument in İzmir, Turkey, which has Ankara as its capital and uses the Lira as its currency, is led by Ahmet Davutoglu .</lex>
      <lex comment="good" lid="Id3">Turkey, whose currency is the Turkish Lira, is led by Ahmet Davutoğlu from the capital Ankara. The Atatürk Monument (İzmir) is in Turkey.</lex>
      <lex comment="good" lid="Id4">Turkey, whose currency is the Turkish lira, is led by Ahmet Davutoğlu from the capital Ankara. The Atatürk Monument (İzmir) is found in Turkey.</lex>
    </entry>
    <entry category="Monument" eid="Id49" size="4">
      <originaltripleset>
        <otriple>Turkey | leaderName | Ahmet_Davutoğlu</otriple>
        <otriple>Atatürk_Monument_(İzmir) | material | "Bronze"@en</otriple>
        <otriple>Atatürk_Monument_(İzmir) | open | "1932-07-27"^^xsd:date</otriple>
        <otriple>Atatürk_Monument_(İzmir) | location | Turkey</otriple>
      </originaltripleset>
      <modifiedtripleset>
        <mtriple>Turkey | leaderName | Ahmet_Davutoğlu</mtriple>
        <mtriple>Atatürk_Monument_(İzmir) | material | "Bronze"</mtriple>
        <mtriple>Atatürk_Monument_(İzmir) | inaugurationDate | "1932-07-27"</mtriple>
        <mtriple>Atatürk_Monument_(İzmir) | location | Turkey</mtriple>
      </modifiedtripleset>
      <lex comment="good" lid="Id1">Ahmet Davutoğlu is the leader of Turkey, a country which is the located of the bronze Ataturk Monument which was inaugurated on July 27th, 1932.</lex>
      <lex comment="good" lid="Id2">Turkey's leader is Ahmet Davutoğlu. The Ataturk Monument in Turkey was inaugurated on 27th July, 1932 and made of Bronze.</lex>
      <lex comment="good" lid="Id3">The bronze Atatürk Monument was inaugurated on the 27th July 1932 at İzmir, Turkey, a country led by Ahmet Davutoglu.</lex>
    </entry>
    <entry category="Monument" eid="Id50" size="4">
      <originaltripleset>
        <otriple>Turkey | leaderName | Ahmet_Davutoğlu</otriple>
        <otriple>Turkey | capital | Ankara</otriple>
        <otriple>Atatürk_Monument_(İzmir) | open | "1932-07-27"^^xsd:date</otriple>
        <otriple>Atatürk_Monument_(İzmir) | location | Turkey</otriple>
      </originaltripleset>
      <modifiedtripleset>
        <mtriple>Turkey | leaderName | Ahmet_Davutoğlu</mtriple>
        <mtriple>Turkey | capital | Ankara</mtriple>
        <mtriple>Atatürk_Monument_(İzmir) | inaugurationDate | "1932-07-27"</mtriple>
        <mtriple>Atatürk_Monument_(İzmir) | location | Turkey</mtriple>
      </modifiedtripleset>
      <lex comment="good" lid="Id1">The Atatürk Monument in İzmir, Turkey, which is led by Ahmet Davutoglu and has Ankara as its capital, was inaugurated on July 27th, 1932.</lex>
      <lex comment="good" lid="Id2">Turkey's leader is Ahmet Davutoglu and the capital is Ankara. Turkey is the location of the Ataturk Monument (Izmir) which was inaugurated on 27 July 1932.</lex>
    </entry>
    <entry category="Monument" eid="Id51" size="4">
      <originaltripleset>
        <otriple>Turkey | leaderName | Ahmet_Davutoğlu</otriple>
        <otriple>Turkey | largestCity | Istanbul</otriple>
        <otriple>Turkey | currency | Turkish_lira</otriple>
        <otriple>Atatürk_Monument_(İzmir) | location | Turkey</otriple>
      </originaltripleset>
      <modifiedtripleset>
        <mtriple>Turkey | leaderName | Ahmet_Davutoğlu</mtriple>
        <mtriple>Turkey | largestCity | Istanbul</mtriple>
        <mtriple>Turkey | currency | Turkish_lira</mtriple>
        <mtriple>Atatürk_Monument_(İzmir) | location | Turkey</mtriple>
      </modifiedtripleset>
      <lex comment="good" lid="Id1">The Ataturk Monument (Izmir) is located in Turkey and the Turkish leader is Ahmet Davutoglu. The largest city is Istanbul and the currency is the Turkish lira.</lex>
      <lex comment="good" lid="Id2">The Atatürk Monument is located in Izmir, Turkey, where the largest city is Istanbul, the currency is the lira, and the leader's name is Ahmet Davutoğlu.</lex>
      <lex comment="good" lid="Id3">Turkey's largest city is Istanbul, the currency is the lira and the Turkish leader is Ahmet Davutoğlu. The Atatürk Monument (İzmir) is found in Turkey.</lex>
    </entry>
    <entry category="Monument" eid="Id52" size="4">
      <originaltripleset>
        <otriple>Turkey | leaderTitle | President_of_Turkey</otriple>
        <otriple>Atatürk_Monument_(İzmir) | designer | Pietro_Canonica</otriple>
        <otriple>Atatürk_Monument_(İzmir) | material | "Bronze"@en</otriple>
        <otriple>Atatürk_Monument_(İzmir) | location | Turkey</otriple>
      </originaltripleset>
      <modifiedtripleset>
        <mtriple>Turkey | leaderTitle | President_of_Turkey</mtriple>
        <mtriple>Atatürk_Monument_(İzmir) | designer | Pietro_Canonica</mtriple>
        <mtriple>Atatürk_Monument_(İzmir) | material | "Bronze"</mtriple>
        <mtriple>Atatürk_Monument_(İzmir) | location | Turkey</mtriple>
      </modifiedtripleset>
      <lex comment="good" lid="Id1">The bronze Atatürk Monument was designed by Pietro Canonica and is located in İzmir, Turkey, a country led by the President of Turkey.</lex>
      <lex comment="good" lid="Id2">Turkey, where the leader is known as President, is the location of the bronze Ataturk monument in Izmir. The monument was designed by Pietro Canonica.</lex>
      <lex comment="good" lid="Id3">Pietro Canonica designed the bronze Ataturk monument located in Izmir, Turkey. The official title of the Turkish leader is President of Turkey.</lex>
    </entry>
    <entry category="Monument" eid="Id53" size="4">
      <originaltripleset>
        <otriple>Turkey | leaderTitle | President_of_Turkey</otriple>
        <otriple>Turkey | leader | Ahmet_Davutoğlu</otriple>
        <otriple>Turkey | largestCity | Istanbul</otriple>
        <otriple>Atatürk_Monument_(İzmir) | location | Turkey</otriple>
      </originaltripleset>
      <modifiedtripleset>
        <mtriple>Turkey | leaderTitle | President_of_Turkey</mtriple>
        <mtriple>Turkey | leader | Ahmet_Davutoğlu</mtriple>
        <mtriple>Turkey | largestCity | Istanbul</mtriple>
        <mtriple>Atatürk_Monument_(İzmir) | location | Turkey</mtriple>
      </modifiedtripleset>
      <lex comment="good" lid="Id1">The Atatürk Monument is located in İzmir, Turkey, a country with Istanbul as its largest city, and Ahmet Davutoğlu as its leader, the President of Turkey.</lex>
      <lex comment="good" lid="Id2">The Atatürk Monument (İzmir) is found in Turkey, where the largest city is Istanbul, and the leader - the President of Turkey - is called Ahmet Davutoglu.</lex>
    </entry>
    <entry category="Monument" eid="Id54" size="4">
      <originaltripleset>
        <otriple>Turkey | leaderTitle | President_of_Turkey</otriple>
        <otriple>Turkey | leaderName | Ahmet_Davutoğlu</otriple>
        <otriple>Turkey | capital | Ankara</otriple>
        <otriple>Atatürk_Monument_(İzmir) | location | Turkey</otriple>
      </originaltripleset>
      <modifiedtripleset>
        <mtriple>Turkey | leaderTitle | President_of_Turkey</mtriple>
        <mtriple>Turkey | leaderName | Ahmet_Davutoğlu</mtriple>
        <mtriple>Turkey | capital | Ankara</mtriple>
        <mtriple>Atatürk_Monument_(İzmir) | location | Turkey</mtriple>
      </modifiedtripleset>
      <lex comment="toFix" lid="Id1">Ahmet Davutoglu is the President of Turkey. The capital of Turkey is Ankara, and the Ataruk Monument (Izmir) is located in Turkey.</lex>
      <lex comment="good" lid="Id2">The Atatürk Monument (İzmir) is found in Turkey, where the capital city is Ankara and the leader (President of Turkey) is Ahmet Davutoğlu.</lex>
      <lex comment="good" lid="Id3">The leader and President of Turkey is Ahmet Davutoglu. The Ataturk monument (Izmir) is located in Turkey where the capital is Ankara.</lex>
    </entry>
  </entries>
</benchmark>